date,ticker,exchange,Category,Industry,Sector,market_cap_category,Growth Metric (%),Growth Metric (%) (prev),Growth Metric Δ (pp),Growth Metric Δ (%),P/E Ratio,Industry Median P/E,Earnings Per Share,Price-to-Book,Industry Median PB,EPS Growth (%),Dividend Yield (%),1-Month Return (%),3-Month Return (%),6-Month Return (%),1-Year Return (%),Business Description
2025-11-21 23:43:37,VELO,NASDAQ,Value,Computer Hardware,Technology,micro,2619.63,2315.37,304.26,13.14,3.628,19.75,-50.89,3.411928,2.71,,0.0,-11.35,33.7,-21.9,-65.83,"Velo3D, Inc. produces and sells metal additive three dimensional printers in the Americas, Europe, and internationally. The company's printers enable the production of components for space rockets, jet engines, fuel delivery systems, and other metal parts, which it sells or leases to customers for use in their businesses. It also offers Flow, a proprietary software platform, which scans part designs for geometrical features; and Sapphire, Sapphire 1MZ, Sapphire XC, and Sapphire XC 1MZ printers. In addition, the company provides Assure, a quality control software platform that includes process metrologies; Flow Developer, a new version of print preparation software that turns traditional design files into print files; and Intelligent Fusion, an underlying manufacturing process that unifies and manages the information flow, sensor data, and the advanced printing technology for precision control of the entire print. Further, it offers Rapid Production Solutions to build resilient supply chains for production parts in different industries; and provides support services. The company serves small- and medium-sized enterprises to Fortune 500 companies in the space, aviation, defense, automotive, energy, and industrial markets. Velo3D, Inc. was founded in 2014 and is headquartered in Fremont, California. Velo3D, Inc operates as a subsidiary of Arrayed Additive inc."
2025-11-21 23:43:37,STAI,NASDAQ,Unclassified,Building Products & Equipment,Industrials,nano,353.03,398.27,-45.24,-11.36,-0.787234052698663,22.96,-0.47,-0.42540228,2.98,,0.0,-34.16,-19.57,-61.66,-96.68,"ScanTech AI Systems Inc. develops systems, software, and artificial intelligence solutions for security checkpoints. The company offers SENTINEL Computed Tomography (CT), a checkpoint baggage inspection system for airports and other security applications; and ALL SECURE, a multi-energy cargo inspection system. It serves defense and security, aviation, nuclear and energy, ports and borders, cargo and freight, and other critical infrastructure sectors. The company was founded in 2011 and is based in Buford, Georgia."
2025-11-21 23:43:37,AGX,NYSE,Income/Growth Blend,Engineering & Construction,Industrials,mid,181.57,191.49,-9.92,-5.18,40.15928,31.86,8.35,11.779604,4.76,93.8,0.6,21.44,48.08,65.59,113.22,"Argan, Inc., through its subsidiaries, provides engineering, procurement, construction, commissioning, maintenance, project development, and technical consulting services to the power generation market in the United States, Republic of Ireland, and the United Kingdom. Its Power Industry Services segment offers engineering, procurement, and construction, as well as designing, building, and commissioning of large-scale energy projects to the owners of alternative energy facilities, such as biomass plants, wind farms, battery storage, and solar fields; and design, construction, project management, start-up, and operation, as well as technical consulting services. This segment serves independent power project owners, public utilities, power plant heavy equipment suppliers, and other commercial firms. The company's Industrial Construction Services segment provides field services that support new plant construction and additions; maintenance turnarounds; shutdowns and emergency mobilizations for industrial plants; and delivery and installation of steel components, such as piping systems and pressure vessels. Its Telecommunications Infrastructure Services segment offers trenchless directional boring and excavation for underground communication and power networks; aerial cabling; high and low voltage electric lines; and private area outdoor lighting systems, as well as installs buried cable. It also provides structured cabling, terminations, and connectivity that offers the physical transport for high-speed data, voice, video, and security networks. This segment serves electricity cooperative, state and local government agencies, counties and municipalities, and technology-oriented government contracting firms, as well as federal government customers in the mid-Atlantic region of the United States. Argan, Inc. was incorporated in 1961 and is headquartered in Arlington, Virginia."
2025-11-21 23:43:37,CFSB,NASDAQ,Unclassified,Banks - Regional,Financial Services,micro,155.49,,,,-356.25,11.75,-0.04,1.1908742,1.04,,0.0,0.85,2.67,81.3,109.56,"As of November 1, 2025, CFSB Bancorp, Inc. was acquired by Hometown Financial Group, Inc. CFSB Bancorp, Inc. operates as a holding company for Colonial Federal Savings Bank that provides various financial services to individuals and small businesses. The company accepts various deposits, including non-interest-bearing checking accounts, interest-bearing checking accounts, money market accounts, savings accounts, and certificates of deposit. It offers one- to four-family residential real estate loans, multi-family real estate loans, commercial real estate loans, second mortgage loans, home equity lines of credit, and consumer loans. In addition, the company invests in various investment grade investment securities and liquid assets, including the U.S. treasury obligations, securities of various government-sponsored enterprises, corporate debt, mortgage-backed securities, collateralized mortgage obligations, asset-backed securities, municipal obligations, mutual funds, and certificates of deposit of federally insured institutions. Further, it offers online banking services. The company was founded in 1889 and is based in Quincy, Massachusetts. CFSB Bancorp, Inc. is a subsidiary of 15 Beach, MHC."
2025-11-21 23:43:37,INSM,NASDAQ,Unclassified,Biotechnology,Healthcare,large,131.48,127.87,3.61,2.82,-32.058063630134825,12.16,-6.2,44.68525,3.29,,0.0,24.13,54.89,194.33,171.72,"Insmed Incorporated develops and commercializes therapies for patients with serious and rare diseases in the United States, Europe, Japan, and internationally. The company offers ARIKAYCE for the treatment of refractory nontuberculous mycobacterial lung infections, as well as is in phase 3 clinical trial for the treatment of mycobacterium avium complex lung disease as part of a combination antibacterial drug regimen for adult patients. It also devlops brensocatib, an oral reversible inhibitor of dipeptidyl peptidase 1(DPP1) that is in phase 3 clinical trial for the treatment of bronchiectasis; and in phase 2 clinical trial for the treatment of chronic rhinosinusitis without nasal polyps and hidradenitis suppurativa. In addition, the company is developing treprostinil palmitil inhalation powder, an inhaled formulation of a treprostinil prodrug treprostinil palmitil, which is in phase 3 clinical trial for the treatment of pulmonary hypertension associated with interstitial lung disease; and phase 2 clinical trial for the treatment of pulmonary arterial hypertension. Further, it develops gene therapy, a microdystrophin adeno-associated virus gene replacement therapy which is in phase 1 clinical trial for the treatment of Duchenne muscular dystrophy, as well as is in pre-clinical development for gene therapy, next generation DPP1 inhibitor, deimmunized therapeutic protein, and synthetic rescue. The company was founded in 1988 and is headquartered in Bridgewater, New Jersey."
2025-11-21 23:43:37,MSAIW,NASDAQ,Value,Software - Infrastructure,Technology,nano,117.66,123.01,-5.35,-4.35,,27.77,,0.50669456,3.54,,0.0,,,,0.0,"MultiSensor AI Holdings, Inc. builds and deploys intelligent multi-sensing platforms with edge and cloud software solutions that leverage artificial intelligence in the United States and internationally. The company offers sensor devices, such as small to large handheld designs with built-in displays and controls, fixed-mounted single- and multi-sensor camera systems with or without displays and controls, fixed-mounted pan-tilt-zoom single- and multi-sensor camera standalone systems, and mobile multi-sensor payload and gimbal systems for unmanned aerial vehicles and unmanned ground vehicles. It also provides MSAI Edge software that processes advanced thermal imaging, visible imaging, and acoustic imaging data streams, as well as multiple established industrial communications protocols; and MSAI Connect, a cloud-based software, that utilizes AI and enables predictive asset reliability and process control in industrial environments. The company was founded in 1995 and is based in Beaumont, Texas."
2025-11-21 23:43:37,OKLO,NYSE,Unclassified,Utilities - Independent Power Producers,Utilities,large,117.55,158.02,-40.47,-25.61,-157.44642530168804,50.78,-0.56,11.422464,10.84,,0.0,-29.29,23.85,80.42,249.88,"Oklo Inc. develops advanced fission power plants to provide clean, reliable, and affordable energy at scale to the customers in the United States. It also commercializes nuclear fuel recycling technology that converts nuclear waste into useable fuel for its reactors. Oklo Inc. has an joint agreement with newcleo to develop advanced fuel fabrication and manufacturing infrastructure in the United States. Oklo Inc. is based in Santa Clara, California."
2025-11-21 23:43:37,SANM,NASDAQ,Growth,Electronic Components,Technology,mid,111.64,139.21,-27.57,-19.8,32.932735,34.86,4.46,3.3323503,3.18,-21.7,0.0,10.61,27.23,74.44,84.96,"Sanmina Corporation provides integrated manufacturing solutions, components, products and repair, logistics, and after-market services in the Americas, the Asia Pacific, Europe, the Middle East, and Africa. The company operates through two businesses: Integrated Manufacturing Solutions; and Components, Products and Services. The company offers product design and engineering, including concept development, detailed design, prototyping, validation, preproduction, manufacturing design release, and product industrialization; assembly and test services; direct order fulfillment and logistics services; after-market product service and support; and supply chain management services, as well as engaging in the manufacture of components, subassemblies, and complete systems; and direct order fulfilment and logistics services. In addition, the company provides components, such as printed circuit boards, backplane fabrication and backplane assemblies, cable assemblies, fabricated metal parts, precision machined parts, and plastic injected molded parts; memory solutions; storage platforms; optical, radio frequency, and microelectronic solutions; defense and aerospace products, design, manufacturing, repair, and refurbishment services; and cloud-based manufacturing execution software. It offers its products and services primarily to original equipment manufacturers in the industrial, medical, defense and aerospace, automotive, communications networks, and cloud infrastructure industries. The company was formerly known as Sanmina-SCI Corp. Sanmina Corporation was incorporated in 1980 and is headquartered in San Jose, California."
2025-11-21 23:43:37,SATS,NASDAQ,Unclassified,Telecom Services,Communication Services,large,111.51,105.91,5.6,5.29,-1.5244335240652591,12.46,-45.02,2.8414688,1.85,,0.0,-6.02,129.69,247.32,199.69,"EchoStar Corporation, together with its subsidiaries, provides networking technologies and services in the United States and internationally. It operates through four segments: Pay-TV, Retail Wireless, 5G Network Deployment, Broadband and Satellite Services. The Pay-TV segment offers a direct broadcast and fixed satellite services; designs, develops, and distributes receiver system; and provides digital broadcast operations, including satellite uplinking/downlinking, transmission and, other services to third-party pay-TV providers; and multichannel, live-linear and on-demand streaming over-the-top internet-based domestic, international, Latino, and Freestream video programming services under the DISH and SLING brand names. Its Retail Wireless segment provides prepaid and postpaid wireless services under the Boost Mobile, Boost postpaid, and Gen Mobile brands, as well various wireless devices. The Network Deployment segment deploys a facilities-based 5G broadband network and commercializes deployment of 5G VoNR. The Broadband and Satellite Services offers broadband services to consumer customers, which include home, and small to medium-sized businesses; and satellite and multi-transport technologies, and managed network services to telecommunications providers, aeronautical service providers, civilian and defense government entities, and other enterprise customers. EchoStar Corporation was incorporated in 2007 and is headquartered in Englewood, Colorado."
2025-11-21 23:43:37,RGC,NASDAQ,Unclassified,Drug Manufacturers - Specialty & Generic,Healthcare,mid,104.02,104.71,-0.69,-0.66,-1247.9999542236328,21.58,-0.01,1248.0,2.37,,0.0,-22.1,1.63,-15.31,7979.03,"Regencell Bioscience Holdings Limited operates as a Traditional Chinese medicine (TCM) bioscience company in Hong Kong. It focuses on the research, development, and commercialization of TCM for the treatment of neurocognitive disorders and degeneration, primarily for attention deficit hyperactivity disorder and autism spectrum disorder. The company was incorporated in 2014 and is headquartered in Causeway Bay, Hong Kong."
2025-11-21 23:43:37,CDTX,NASDAQ,Unclassified,Biotechnology,Healthcare,mid,99.47,,,,-19.567351124310047,12.16,-11.21,15.233697,3.29,,0.0,128.11,242.04,803.42,975.25,"Cidara Therapeutics, Inc. operates as a biotechnology company that focuses on developing targeted therapies for patients facing cancers and other serious diseases. The company's product includes rezafungin acetate, a novel molecule in the echinocandin class of antifungals for the treatment and prevention of invasive fungal infections, including candidemia and invasive candidiasis, which are fungal infections associated with high mortality rates. It also develops its Cloudbreak platform that enables development of novel drug-Fc conjugates, that includes CD388, a potent antiviral designed to deliver universal prevention and treatment of seasonal and pandemic influenza, which is in Phase 1 and Phase 2a clinical trials. The company was formerly known as K2 Therapeutics, Inc. and changed its name to Cidara Therapeutics, Inc. in July 2014. Cidara Therapeutics, Inc. was incorporated in 2012 and is based in San Diego, California."
2025-11-21 23:43:37,CLST,NASDAQ,Growth,Banks - Regional,Financial Services,micro,95.34,,,,25.896553,11.75,0.58,0.6695792,1.04,9.4,0.0,12.76,18.96,28.98,28.93,"Catalyst Bancorp, Inc. operates as a holding company for Catalyst Bank that provides various banking products and services to individuals and businesses in Louisiana. The company accepts various deposit products, including demand and NOW accounts, money market accounts, savings accounts, and certificates of deposit. It also offers single family residential first mortgage loans, commercial real estate mortgage loans, multi-family residential mortgage loans, commercial and industrial loans, construction and land loans, consumer loans, and other loans. In addition, the company invests in various types of securities, such as mortgage-backed securities, the U.S. treasury obligations, securities of various federal agencies and of state and municipal governments, certificates of deposit at federally insured banks and savings institutions, and federal funds. Catalyst Bancorp, Inc. was founded in 1922 and is headquartered in Opelousas, Louisiana."
2025-11-21 23:43:37,CLS,NYSE,Growth,Electronic Components,Technology,large,94.76,107.8,-13.04,-12.1,45.836334,34.86,6.11,15.876418,3.18,199.2,0.0,-0.94,45.18,134.42,214.11,"Celestica Inc., together with its subsidiaries, provides supply chain solutions in Asia, North America, and internationally. It operates through two segments, Advanced Technology Solutions, and Connectivity and Cloud Solutions. The company offers a range of product manufacturing and related supply chain services, including design and development, new product introduction, engineering services, component sourcing, electronics manufacturing and assembly, testing, mechanical assembly, systems integration, precision machining, order fulfillment, logistics, asset management, product licensing, and after-market repair and return services. It also provides hardware platform solutions, which includes development of infrastructure platforms, and hardware and software design solutions and services, including open-source software that can be used as-is or customized for specific applications; and management of program, including design and supply chain, manufacturing, and after-market support, including IT asset disposition and asset management services. The company offers its products and services to original equipment manufacturers, and cloud-based and other service providers, including hyperscalers, and other companies in aerospace and defense, industrial, HealthTech, capital equipment, communications, and enterprise markets. Celestica Inc. was incorporated in 1994 and is headquartered in Toronto, Canada."
2025-11-21 23:43:37,LITE,NASDAQ,Growth,Communication Equipment,Technology,large,88.97,82.16,6.81,8.29,155.84756,27.52,1.64,23.208027,2.33,,0.0,51.69,107.09,237.32,186.89,"Lumentum Holdings Inc. manufactures and sells optical and photonic products in the Americas, the Asia-Pacific, Europe, the Middle East, and Africa. It operates through two segments, Cloud & Networking and Industrial Tech. The Cloud & Networking segment offers optical and photonic chips, components, modules, and subsystems supplied to cloud data center operators, AI/ML infrastructure providers, and network equipment manufacturer customers that are building cloud data centers and network infrastructures. Its Industrial Tech segment provides short-pulse solid-state lasers, kilowatt-class fiber lasers, diode lasers, and gas lasers that serves the semiconductor device, solar cell, display, and electric vehicle and battery manufacturing markets. The company was incorporated in 2015 and is headquartered in San Jose, California."
2025-11-21 23:43:37,GLW,NYSE,Income/Growth Blend,Electronic Components,Technology,large,85.59,93.38,-7.79,-8.34,50.935898,34.86,1.56,5.5655947,3.18,,1.41,-7.12,19.88,66.48,66.88,"Corning Incorporated operates in optical communications, display technologies, environmental technologies, specialty materials, and life sciences businesses. The company provides optical fibers and cables; and hardware and equipment products, such as cable assemblies, fiber optic hardware and connectors, optical components and couplers, closures, network interface devices, and other accessories for the telecommunications industry, businesses, governments, and individuals. It also offers glass substrates for flat panel displays, including liquid crystal displays and organic light-emitting diodes that are used in televisions, notebook computers, desktop monitors, tablets, and handheld devices. In addition, it manufactures products that offer material formulations for glass, glass ceramics, crystals, precision metrology instruments, and software, as well as glass wafers and substrates, tinted sunglasses, and radiation shielding products for markets, such as mobile consumer electronics, semiconductor equipment optics and consumables, aerospace and defense optics, radiation shielding products, sunglasses, and telecommunications components. Further, the company provides ceramic substrates and filter products for emissions control in mobile, gasoline, and diesel applications. Additionally, it offers laboratory products, including consumables, such as plastic vessels, liquid handling plastics, specialty surfaces, cell culture media, and serum, as well as general labware, and glassware and equipment under the Corning, Pyrex, Falcon, and Axygen brands. Corning Incorporated operates in the United States, Canada, Mexico, Japan, Taiwan, China, South Korea, Germany, and internationally. The company was formerly known as Corning Glass Works and changed its name to Corning Incorporated in April 1989. The company was founded in 1851 and is headquartered in Corning, New York."
2025-11-21 23:43:37,TTMI,NASDAQ,Growth,Electronic Components,Technology,mid,83.82,101.61,-17.79,-17.51,46.65873,34.86,1.26,3.5703876,3.18,270.7,0.0,0.67,33.34,105.63,144.96,"TTM Technologies, Inc. manufactures and sells mission systems, radio frequency (RF) components and RF microwave/microelectronic assemblies, and printed circuit boards (PCB) in the United States, Taiwan, and internationally. It operates in two segments, PCB and RF&S Components. The company offers a range of engineered systems, RF and microwave assemblies, HDI PCBs, flexible PCBs, rigid-flex PCBs, custom assemblies and system integration, IC substrates, passive RF components, advanced ceramic RF components, hi-reliability multi-chip modules, beamforming and switching networks, PCB products, RF components, and backplane/custom assembly solutions, including conventional PCBs. It also provides value-added services, such as design for manufacturability, PCB layout design, simulation and testing services, and quick turnaround production, as well as specialized assembly and RF testing. In addition, the company offers maritime surveillance and weather avoidance radar systems for fixed- and rotary-wing aircraft, unmanned aerial vehicles, and shipboard platforms; AN/APS-153 multi-mode radar; communications suite within the MH-60R/S multi-mission helicopters; and develops multi-mode maritime and overland surveillance AESA radar under MOSAIC brand. Further, it provides identification friend, monopulse secondary surveillance radars, and air traffic control systems; wired and wireless communication systems; custom electronic assemblies; quick turnaround services comprising prototype production and ramp-to-volume production; and thermal management. The company serves original equipment manufacturers and electronic manufacturing services providers, original design manufacturers, distributors, and government agencies; and aerospace and defense, data center computing, automotive, medical, industrial, and instrumentation, and networking markets. TTM Technologies, Inc. was incorporated in 1978 and is headquartered in Santa Ana, California."
2025-11-21 23:43:37,CELC,NASDAQ,Unclassified,Biotechnology,Healthcare,mid,82.89,,,,-25.523560209424083,12.16,-3.82,36.07103,3.29,,0.0,38.16,97.97,833.91,639.2,"Celcuity Inc., a clinical-stage biotechnology company, focuses on the development of targeted therapies for the treatment of various solid tumors in the United States. The company's lead drug candidate includes Gedatolisib, which selectively targets various Class I isoforms of phosphatidylinositol-3-kinase (PI3K) and the two mechanistic targets of rapamycin (mTOR) sub-complexes, mTORC1 and mTORC2 to treat patients with hormone receptor positive (HR+), human epidermal growth factor receptor 2 negative (HER2-) or HR+/HER2-, advanced or metastatic breast cancer (ABC), and patients with metastatic castration resistant prostate cancer (mCRPC). It also engages in developing of CELsignia diagnostic platform. The company had a license agreement with Pfizer Inc. for the development and commercialization rights to Gedatolisib. Celcuity Inc. was founded in 2011 and is based in Minneapolis, Minnesota."
2025-11-21 23:43:37,KGC,NYSE,Growth,Gold,Basic Materials,large,81.98,86.08,-4.1,-4.76,17.055944,19.52,1.43,3.7089415,3.58,64.60000000000001,0.57,1.96,23.68,66.4,140.88,"Kinross Gold Corporation, together with its subsidiaries, engages in the acquisition, exploration, and development of gold properties principally in the United States, Brazil, Chile, Canada, and Mauritania. It is also involved in the extraction and processing of gold-containing ores; reclamation of gold mining properties; and production and sale of silver. Kinross Gold Corporation was founded in 1993 and is headquartered in Toronto, Canada."
2025-11-21 23:43:37,AEM,NYSE,Income/Growth Blend,Gold,Basic Materials,large,79.31,88.18,-8.87,-10.06,23.357664,19.52,6.85,3.417124,3.58,86.0,1.0,-2.84,17.44,36.87,92.7,"Agnico Eagle Mines Limited, a gold mining company, engages in the exploration, development, and production of precious metals. It explores for gold, silver, zinc, and copper. The company's mines are located in Canada, Australia, Finland, and Mexico; and with exploration and development activities in Canada, Australia, Europe, Latin America, and the United States. Agnico Eagle Mines Limited was incorporated in 1953 and is headquartered in Toronto, Canada."
2025-11-21 23:43:37,NHPBP,NASDAQ,Value,REIT - Healthcare Facilities,Real Estate,small,78.52,79.99,-1.47,-1.84,,30.66,,0.8090835,1.78,,9.98,3.12,0.38,39.91,31.91,"National Healthcare Properties, Inc. (including, as required by context, National Healthcare Properties Operating Partnership, L.P. (the OP) and its subsidiaries, the Company) is a real estate investment trust (REIT) for U.S. federal income tax purposes. The Company acquires, owns and manages a diversified portfolio of healthcare-related real estate, focused on outpatient medical facilities (OMFs) and senior housing operating properties (SHOPs). As of June 30, 2025, the Company owned 175 properties (including one land parcel and one property classified as held for sale) located in 30 states and comprised of 7.3 million rentable square feet. Substantially all of the Company's business is conducted through the OP and its wholly-owned subsidiaries, including taxable REIT subsidiaries (TRSs). Prior to the consummation of the Internalization (as defined below) on September 27, 2024, the Company's former advisor, Healthcare Trust Advisors, LLC (the Advisor), managed its day-to-day business with the assistance of its property manager, Healthcare Trust Properties, LLC (the Property Manager); the Advisor and Property Manager were under common control with AR Global Investments, LLC (the Advisor Parent), and these related parties received compensation and fees for providing services to the Company. See the Internalization section in this Note for additional information. As of June 30, 2025, the Company owned 41 (including one property classified as held for sale) SHOPs using the REIT Investment Diversification and Empowerment Act of 2007 (RIDEA) structure in its SHOP segment. Under RIDEA, a REIT may lease qualified healthcare properties on an arm's length basis to a TRS if the property is operated on behalf of such subsidiary by a person who qualifies as an eligible independent contractor. As of June 30, 2025, the Company had four eligible independent contractors operating 41 SHOPs. The Company has two operating and reportable business segments: OMFs and SHOPs. All of the Company's properties across both business segments are located throughout the United States. In its OMF operating segment, the Company owns, manages and leases single and multi-tenant OMFs where tenants are generally required to pay their pro rata share of property operating expenses, which may be subject to expense exclusions and floors, in addition to base rent. The Property Manager or third-party managers manage the Company's OMFs."
2025-11-21 23:43:37,CHRW,NASDAQ,Income/Growth Blend,Integrated Freight & Logistics,Industrials,large,77.97,79.33,-1.36,-1.71,30.704453,19.94,4.94,9.6722355,1.82,67.60000000000001,1.66,20.95,20.58,60.22,44.32,"C.H. Robinson Worldwide, Inc., together with its subsidiaries, provides freight transportation and related logistics and supply chain services in the United States and internationally. It operates in two segments, North American Surface Transportation and Global Forwarding. The company offers transportation and logistics services, such as truckload; less than truckload transportation brokerage services, which include the shipment of single or multiple pallets of freight; intermodal transportation that comprises the shipment service of freight in containers or trailers by a combination of truck and rail; and non-vessel operating common carrier and freight forwarding services, as well as organizes air shipments and provides door-to-door services. It also provides customs brokerage services; and other logistics services, such as fee-based managed, warehousing, and other services. In addition, the company is involved in the buying, selling, and/or marketing of fresh fruits, vegetables, and other value-added perishable items under the Robinson Fresh trade name. Further, the company offers transportation management and other surface transportation services. It provides its fresh produce to grocery retailers, restaurants, produce wholesalers, and foodservice distributors through a network of independent produce growers and suppliers. The company was founded in 1905 and is headquartered in Eden Prairie, Minnesota."
2025-11-21 23:43:37,APH,NYSE,Income/Growth Blend,Electronic Components,Technology,large,77.35,80.85,-3.5,-4.33,43.86667,34.86,3.0,12.86161,3.18,106.1,0.76,-2.74,20.1,54.31,78.55,"Amphenol Corporation, together with its subsidiaries, designs, manufactures, and markets electrical, electronic, and fiber optic connectors in the United States, China, and internationally. It operates through three segments: Harsh Environment Solutions, Communications Solutions, and Interconnect and Sensor Systems. The company offers connectors and connector systems, including harsh environment data, power, high-speed, fiber optic, and radio frequency interconnect products; busbars and power distribution systems; and power interconnect products. It also provides value-add products, such as backplane interconnect systems, cable assemblies and harnesses, and cable management products; and other products comprising flexible and rigid printed circuit boards, hinges, other mechanical, and production related products. In addition, the company offers consumer device, network infrastructure, and other antennas; coaxial, power, and specialty cables; and sensors and sensor-based products. Amphenol Corporation sells its products through its sales force, independent representatives, and a network of electronics distributors to original equipment manufacturers, electronic manufacturing services companies, original design manufacturers, and service providers in the automotive, broadband communication, commercial aerospace, industrial, information technology and data communication, military, mobile device, and mobile network markets. The company was founded in 1932 and is headquartered in Wallingford, Connecticut."
2025-11-21 23:43:37,ATLCL,NASDAQ,Growth,NONE,NONE,small,77.12,75.25,1.87,2.49,,375.5,,,20.61,,6.168713736566382,0.71,1.34,6.54,10.0,None
2025-11-21 23:43:37,DRUG,NASDAQ,Unclassified,Biotechnology,Healthcare,small,77.01,76.58,0.43,0.56,-60.40206201297721,12.16,-0.97,8.008474,3.29,,0.0,-4.79,40.5,101.96,65.84,"Bright Minds Biosciences Inc., a biotechnology company, develops therapeutics to improve the lives of patients with severe and life-altering diseases in the United States. Its portfolio of selective 5-HT receptor agonists includes 5-HT2C, 5-HT2A, and 5-HT2C/A for the treatment of epilepsy, pain, and neuropsychiatry; and BMB-101 which completes phase 1 trial for undisclosed seizure disorder. The company also develops BMB-201 and BMB-202 for the treatment of neuropsychiatry and neurology indications. Bright Minds Biosciences Inc. has collaboration with National Institutes of Health for the treatment of epilepsy; University of Texas Medical Branch to treat impulse control disorders, such as binge eating; and Medical College of Wisconsin. The company was founded in 2017 and is headquartered in New York, New York."
2025-11-21 23:43:37,MNPR,NASDAQ,Unclassified,Biotechnology,Healthcare,small,76.74,70.77,5.97,8.44,-23.121211504695392,12.16,-3.96,4.309517,3.29,,0.0,12.63,200.99,158.28,355.52,"Monopar Therapeutics Inc., a clinical-stage biopharmaceutical company, engages in developing therapeutics for the treatment of cancer in the United States. The company develops ALXN1840, a late-stage, investigational once-daily and oral medicine; MNPR-101, a proprietary humanized monoclonal antibody that is conjugated with different radioisotopes for the treatment of advanced solid tumors expressing urokinase plasminogen activator receptor; and MNPR-101-Zr, a clinical-stage radiodiagnostic imaging agent comprised of MNPR-101 conjugated to zirconium-89. It develops MNPR-101-Lu, a late-preclinical stage radiotherapeutic comprised of MNPR-101 conjugated to actinium-225. The company has collaborations NorthStar to develop radio-immuno-therapeutics targeting severe COVID-19. The company was founded in 2014 and is headquartered in Wilmette, Illinois."
2025-11-21 23:43:37,SSSSL,NASDAQ,Growth,NONE,NONE,small,74.41,68.24,6.17,9.04,,375.5,,,20.61,,6.007208815571604,0.36,1.48,4.2,8.45,None
2025-11-21 23:43:37,PPTA,NASDAQ,Unclassified,Other Precious Metals & Mining,Basic Materials,mid,74.32,72.35,1.97,2.72,-41.75471539767283,29.41,-0.53,4.4770384,3.1,,0.0,-5.51,22.47,60.01,123.99,"Perpetua Resources Corp., a development-stage company, engages in the acquisition of mining properties in the United States. The company explores for gold, silver, and antimony deposits. Its principal mineral project is the 100% owned Stibnite Gold project, which includes 1,674 unpatented lode claims, mill sites, and patented land holdings covering an area of approximately 11,548 hectares located in Valley County, Idaho. The company was formerly known as Midas Gold Corp. and changed its name to Perpetua Resources Corp. in February 2021. Perpetua Resources Corp. was founded in 2009 and is headquartered in Boise, Idaho."
2025-11-21 23:43:37,ATAI,NASDAQ,Unclassified,Biotechnology,Healthcare,small,72.75,77.4,-4.65,-6.01,-4.578313195561789,12.16,-0.83,5.1771116,3.29,,0.0,-31.53,-19.83,84.47,136.02,"Atai Beckley N.V., a clinical-stage biopharmaceutical company, engages in the research, development, and commercialization of mental health treatments in the United States, Germany, and Canada. The company develops BPL-003, an intranasal formulation of the benzoate salt form of mebufotenin that is in Phase 2a and 2b clinical studies for treatment resistant depression (TRD) and alcohol use disorder; RL-007, an orally bioavailable compound, which is a pro-cognitive neuromodulator in Phase 2b trial for cognitive impairment associated with schizophrenia; and ELE-101, a serotonergic psychedelic in Phase 2a trial for the treatment of major depressive disorder. It is also developing VLS-01, an oral transmucosal film formulation of N,N-Dimethyltryptamine in Phase 2 clinical study to treat TRD; EMP-01, an oral formulation of R-3,4-methylenedioxy-methamphetamine that is in Phase 2 clinical study for social anxiety disorder; and EGX-A & EGX-B, which are non-hallucinogenic 5-HT2A receptor agonists in preclinical studies for TRD. In addition, the company offers COMP360 for psilocybin therapy; and GRX-917 for the treatment of anxiety, depression, and various neurological disorders. The company was formerly known as ATAI Life Sciences N.V. and changed its name to Atai Beckley N.V. in November 2025. Atai Beckley N.V. was founded in 2018 and is headquartered in Amstelveen, The Netherlands."
2025-11-21 23:43:37,TFPM,NYSE,Growth,Other Precious Metals & Mining,Basic Materials,mid,71.85,76.32,-4.47,-5.86,29.405941,29.41,1.01,3.0963304,3.1,108.80000000000001,0.77,2.91,13.32,36.71,80.13,"Triple Flag Precious Metals Corp., a precious metals streaming and royalty company, engages in acquiring and managing precious metals, streams, royalties, and other mineral interests in Australia, Canada, Colombia, Cote d'Ivoire, Honduras, Mexico, Mongolia, Peru, South Africa, and the United States. It has a portfolio of streams and royalties providing exposure to copper, gold, silver, nickel, lead, and zinc. The company was founded in 2016 and is based in Toronto, Canada."
2025-11-21 23:43:37,COOP,NASDAQ,Growth,Mortgage Finance,Financial Services,large,71.67,71.67,0.0,0.0,23.631165,13.24,8.92,2.6452577,1.16,-2.9000000000000004,0.0095,12.45,40.64,59.33,114.04,"Mr. Cooper Group Inc., together with its subsidiaries, operates as a non-bank servicer of residential mortgage loans in the United States. It operates through two segments, Servicing and Originations. The Servicing segment performs activities on behalf of investors or owners of the underlying mortgages and mortgage servicing rights, including collecting and disbursing borrower payments, investor reporting, customer service, modifying loans, performing collections, foreclosures, and the sale of real estate owned. The Originations segment originates residential mortgage loans through its direct-to-consumer and correspondent channels. The company provides its services under the Mr. Cooper, Xome, and Rushmore Servicing brands. The company was formerly known as WMIH Corp. and changed its name to Mr. Cooper Group Inc. in October 2018. Mr. Cooper Group Inc. was founded in 1994 and is based in Coppell, Texas. As of October 1, 2025, Mr. Cooper Group Inc. operates as subsidiary of Rocket Companies, Inc."
2025-11-21 23:43:37,COGT,NASDAQ,Unclassified,Biotechnology,Healthcare,small,71.25,66.8,4.45,6.66,-17.93170649830888,12.16,-2.05,26.427029,3.29,,0.0,147.71,211.79,662.66,302.63,"Cogent Biosciences, Inc., a biotechnology company, focuses on developing precision therapies for genetically defined diseases. Its lead product candidate includes bezuclastinib (CGT9486), a selective tyrosine kinase inhibitor in Phase 3 trial designed to target mutations within the KIT receptor tyrosine kinase, including KIT D816V mutation that drives systemic mastocytosis, as well as other mutations in KIT exon 17, which are found in patients with advanced gastrointestinal stromal tumors. The company also develops CGT4859, a reversible and selective fibroblast growth factor receptor 2 inhibitor in Phase 1 trial for patients with documented FGFR mutations, including advanced cholangiocarcinoma. It has a licensing agreement with Plexxikon Inc. for the research, development, and commercialization of bezuclastinib. Cogent Biosciences, Inc. is headquartered in Waltham, Massachusetts."
2025-11-21 23:43:37,EICA,NYSE,Growth,Asset Management,Financial Services,micro,70.44,67.07,3.37,5.02,30.785538,12.17,0.802,1.7373865,0.96,962.4000000000001,5.06,0.91,1.69,4.05,8.97,None
2025-11-21 23:43:37,CNTA,NASDAQ,Unclassified,Biotechnology,Healthcare,mid,70.4,69.56,0.84,1.21,-14.804232562029805,12.16,-1.89,12.468805,3.29,,0.0,15.91,64.59,117.4,64.2,"Centessa Pharmaceuticals plc, a clinical-stage pharmaceutical company, discovers, develops, and delivers medicines. Its lead clinical-stage program includes ORX750, an orally administered OX2R agonist in a Phase 2a study for the treatment of idiopathic hypersomnia and narcolepsy type 1 and 2. The company also develops ORX142 for the treatment of neurological and neurodegenerative disorders, as well as other potential symptoms, including excessive daytime sleepiness, impaired attention, cognitive deficits, and fatigue; and ORX489 for the treatment of neuropsychiatric disorders. In addition, it offers LockBody, which is designed to selectively drive potent effector function activity, such as CD3, into the tumor microenvironment. Centessa Pharmaceuticals plc was incorporated in 2020 and is headquartered in Altrincham, the United Kingdom."
2025-11-21 23:43:37,WDC,NASDAQ,Growth,Computer Hardware,Technology,large,69.64,80.58,-10.94,-13.58,19.604225,19.75,7.1,8.084921,2.71,,0.36,10.71,75.91,178.22,178.05,"Western Digital Corporation develops, manufactures, and sells data storage devices and solutions based on hard disk drive (HDD) technology in the United States, Asia, Europe, the Middle East, and Africa. The company offers internal HDDs, data center drives, data center platforms, external drives, portable drives, NAS for home and office, and accessories. It sells its data storage devices and solutions through its computer manufacturers, sales personnel, dealers, distributors, and retailers. Western Digital Corporation was founded in 1970 and is headquartered in San Jose, California."
2025-11-21 23:43:37,AU,NYSE,Income,Gold,Basic Materials,large,67.97,67.59,0.38,0.56,17.502193,19.52,4.56,5.239971,3.58,200.0,3.16,16.32,46.57,84.43,219.79,"AngloGold Ashanti plc operates as a gold mining company in Africa, Australia, and the Americas. It primarily explores for gold, as well as by-products, including silver and sulphuric acid. The company's flagship property includes 100% owned the Geita mine located in the Lake Victoria goldfields of the Mwanza region in north-western Tanzania. AngloGold Ashanti plc was incorporated in 1944 and is headquartered in Greenwood Village, Colorado."
2025-11-21 23:43:37,LAUR,NASDAQ,Growth,Education & Training Services,Consumer Defensive,mid,67.96,76.6,-8.64,-11.28,22.177778,21.04,1.35,3.9441445,1.9,-59.599999999999994,0.0,0.54,11.38,37.09,53.38,"Laureate Education, Inc. offers higher education programs and services to students through a network of universities and higher education institutions. The company provides a range of undergraduate and graduate degree programs in the areas of business and management, medicine and health sciences, and engineering and information technology through campus-based, online, and hybrid programs. It offers specialized courses for technical and vocational training; and senior high school. It serves in Mexico, Peru, and the United States. The company was formerly known as Sylvan Learning Systems, Inc. and changed its name to Laureate Education, Inc. in May 2004. Laureate Education, Inc. was founded in 1989 and is headquartered in Miami, Florida."
2025-11-21 23:43:37,ASA,NYSE,Income/Growth Blend,Asset Management,Financial Services,small,67.94,71.53,-3.59,-5.02,3.3015075,12.17,13.93,1.0701321,0.96,667.1999999999999,0.13,-0.52,25.73,46.79,129.07,"ASA Gold and Precious Metals Limited is a publicly owned investment manager. The firm invests in the public equity markets across the globe. It primarily invests in stocks of companies engaged in the exploration, mining or processing of gold, silver, platinum, diamonds, or other precious minerals. It also invests in exchange traded funds. The firm employs fundamental analysis with a bottom-up approach to create its portfolios. The firm obtains external research to complement its in-house research. The firm is focused on covering the metals and mining sector. This record reflects the investment preferences or overall investment strategy of ASA Gold and Precious Metals Limited. ASA Gold and Precious Metals Limited was founded in 1958 and is based in Portland, Maine."
2025-11-21 23:43:37,VHC,NASDAQ,Unclassified,Software - Infrastructure,Technology,micro,66.96,69.9,-2.94,-4.21,-4.440816373241191,27.77,-4.9,2.3277707,3.54,,0.0,2.35,74.08,177.91,322.52,"VirnetX Holding Corporation, through its subsidiary VirnetX, Inc., operates as an Internet security software and technology company primarily in the United States. The company develops software and technology solutions, including secure domain name registry and GABRIEL Connection Technology that are designed to secure communications over the Internet using zero trust network access. It also offers a portfolio of licenses and services, such as VirnetX One, a security-as-a-service platform that protects enterprise applications, services, and infrastructure from cyber-attacks; GABRIEL Connection Technology software development kit to assist with rapid integration of its techniques into existing software implementations; War Room software that offers safe and secure video conferencing meeting environment where sensitive communications and data is invisible to those not authorized to view it; and VirnetX Matrix that provides security for internet-enabled enterprise applications and their connected devices. It serves domain infrastructure and communication service providers, and system integrators; and enterprise customers, developers, and original equipment manufacturers of chips, servers, desktops, smart phones, tablets, laptops, net books, and other devices in the IP-telephony, mobility, fixed-mobile convergence, and unified communications markets. VirnetX Holding Corporation was incorporated in 2005 and is headquartered in Zephyr Cove, Nevada."
2025-11-21 23:43:37,BTI,NYSE,Income,Tobacco,Consumer Defensive,large,66.91,62.42,4.49,7.19,30.357141,22.24,1.82,2.6824296,1.34,0.4,5.68,6.56,-3.02,25.92,58.34,"British American Tobacco p.l.c. provides tobacco and nicotine products to consumers in the Americas, Europe, the Asia-Pacific, the Middle East, Africa, and the United States. It offers vapour, heated, and modern oral nicotine products; combustible cigarettes; and traditional oral products, such as snus and moist snuff. The company provides its products under the Vuse, glo, Velo, Grizzly, Kodiak, Dunhill, Kent, Lucky Strike, Pall Mall, Rothmans, Newport, Natural American Spirit, and Camel brands. The company distributes its products to retail outlets. British American Tobacco p.l.c. was founded in 1902 and is based in London, the United Kingdom."
2025-11-21 23:43:37,ADPT,NASDAQ,Unclassified,Biotechnology,Healthcare,mid,66.55,,,,-35.78846271221454,12.16,-0.52,13.88806,3.29,,0.0,8.45,46.88,108.4,296.8,"Adaptive Biotechnologies Corporation, a commercial-stage company, develops an immune medicine platform for the diagnosis and treatment of various diseases. The company offers immunosequencing platform which combines a suite of proprietary chemistry, computational biology, and machine learning to generate clinical immunomics data to decode the adaptive immune system. It also provides clonoSEQ diagnostic test which detects and monitors the remaining number of cancer cells that are present in a patient's body during and after treatment, known as Minimal Residual Disease (MRD). The company offers products and services for life sciences research, clinical diagnostics, and drug discovery applications. It has strategic collaborations with Genentech, Inc. for the development, manufacture, and commercialization of neoantigen directed T cell therapies for the treatment of a range of cancers. The company was formerly known as Adaptive TCR Corporation and changed its name to Adaptive Biotechnologies Corporation in December 2011. Adaptive Biotechnologies Corporation was incorporated in 2009 and is headquartered in Seattle, Washington."
2025-11-21 23:43:37,GLUE,NASDAQ,Growth,Biotechnology,Healthcare,small,66.26,,,,44.4375,12.16,0.32,3.5737622,3.29,,0.0,36.99,209.8,258.19,67.49,"Monte Rosa Therapeutics, Inc., a clinical-stage biotechnology company, engages in the development of novel small molecule precision medicines that employ the body's natural mechanisms to selectively degrade therapeutically relevant proteins. The company develops orally bioavailable molecular glue degraders (MGDs), such as MRT-2359 for the treatment of MYC-driven tumors; MRT-6160 for the treatment of neurologic and systemic autoimmune and inflammatory diseases; and MRT-8102 for the treatment of inflammatory diseases driven by IL-1b and the NLRP3 inflammasome. In addition, it develops CDK2 to treat multiple cancers, including ovarian, endometrial, gastric and breast. Further, its pipeline includes programs in immunology and inflammation indications, oncology, cardiovascular, metabolic, and genetic diseases. The company also develops QuEEN, a discovery engine, to enable its target-centric MGD discovery and development approach and its rational design of MGD product candidates. It has a strategic collaboration and licensing agreement with F. Hoffmann-La Roche Ltd. to discover and develop MGDs against targets in cancer and neurological diseases. The company was incorporated in 2019 and is headquartered in Boston, Massachusetts."
2025-11-21 23:43:37,HYMC,NASDAQ,Unclassified,Gold,Basic Materials,micro,65.99,64.29,1.7,2.64,-6.2337664814738485,19.52,-1.54,11.034483,3.58,,0.0,28.86,137.62,209.68,293.44,"Hycroft Mining Holding Corporation, together with its subsidiaries, operates as a gold and silver exploration and development company in the United States. The company holds interests in the Hycroft mine that consists of 30 private parcels with patented claims comprising approximately 1,787 acres, and 3,247 unpatented mining claims that encompass approximately 62,298 acres located in the state of Nevada. Hycroft Mining Holding Corporation is based in Winnemucca, Nevada."
2025-11-21 23:43:37,AVAL,NYSE,Income,Banks - Regional,Financial Services,mid,65.43,70.76,-5.33,-7.53,10.783784,11.75,0.37,0.0051455917,1.04,25.3,3.46,0.79,23.18,44.52,101.69,"Grupo Aval Acciones y Valores S.A. provides a range of financial services and products to public and private sector customers in Colombia and Central America. The company offers traditional deposit services and products, including checking accounts, savings accounts, time deposits, and other deposits. It also provides commercial loans comprising general purpose loans, working capital loans, leases, loans funded by development banks, corporate credit cards, and overdraft loans; consumer loans, such as payroll loans, personal loans, automobile and other vehicle loans, credit cards, overdrafts, leases, and general-purpose loans; and microcredit and mortgage loans. In addition, the company offers pension and severance fund management services; investment banking services, including services relating to capital markets, mergers and acquisitions, and delivering financial consulting services; mobile and online banking services; and bancassurance, insurance, trust, bonded warehousing, real estate escrow, merchandise and document storage and deposit, customs agency, cargo management, surety bond and merchandise distribution, and payment and collection services, as well as provides deposit and lending operations in foreign currencies. Further, it is involved in equity investments in various sectors, including infrastructure, energy and gas, agribusiness, and hospitality; and providing treasury operations. The company was incorporated in 1994 and is headquartered in Bogotá, Colombia."
2025-11-21 23:43:37,PAHC,NASDAQ,Income/Growth Blend,Drug Manufacturers - Specialty & Generic,Healthcare,small,65.26,73.29,-8.03,-10.96,24.928144,21.58,1.67,5.414228,2.37,280.3,1.15,1.41,30.77,80.61,78.59,"Phibro Animal Health Corporation operates as an animal health and mineral nutrition company in the United States, Latin America and Canada, Europe, the Middle East, Africa, and the Asia Pacific. It operates through three segments: Animal Health, Mineral Nutrition, and Performance Products. The company develops, manufactures, and markets various products for food and companion animals including poultry, swine, beef and dairy cattle, aquaculture, and dogs. It also offers animal health products, such as antibacterials, anticoccidials, nutritional specialty, and vaccines and vaccine adjuvants for animal's health and performance, food safety, and animal welfare; and engages in developing, manufacturing, and marketing of microbial and bioproducts for various applications serving animal health and nutrition, environmental, industrial, and agricultural customers. In addition, the company develops, manufactures, and markets conventionally licensed and autogenous vaccine products, as well as adjuvants for animal vaccine manufacturers. Further, it provides formulations and concentrations of trace minerals, such as zinc, copper, manganese, iron, and other compounds to fortify the daily feed requirements of their livestock's diets and maintain optimal balance of trace elements in animals. Additionally, the company offers specialty ingredients for use in personal care, industrial chemical, and chemical catalyst industries. It sells its animal health and mineral nutrition products through local sales offices to integrated poultry, swine, and cattle producers, as well as through commercial animal feed manufacturers, wholesalers, and distributors. The company was formerly known as Philipp Brothers Chemicals, Inc. and changed its name to Phibro Animal Health Corporation in July 2003. Phibro Animal Health Corporation was incorporated in 1946 and is headquartered in Teaneck, New Jersey."
2025-11-21 23:43:37,ASMB,NASDAQ,Unclassified,Biotechnology,Healthcare,micro,64.86,63.16,1.7,2.69,-8.369565217391305,12.16,-4.6,3.3330448,3.29,,0.0,40.0,44.63,184.76,155.98,"Assembly Biosciences, Inc., a biotechnology company, develops therapeutic candidates for the treatment of viral diseases worldwide. Its pipeline includes long-acting helicase-primase inhibitors candidates, including ABI-5336 and ABI-1179, which are in Phase 1a/1b clinical studies for recurrent genital herpes; ABI-4334, a capsid assembly modulator designed to disrupt the replication cycle of hepatitis B virus that is in Phase 1b clinical study; and ABI-6250, an orally bioavailable hepatitis delta virus entry inhibitor that is in Phase 1a clinical study. The company also develops ABI-7423, an oral broad-spectrum non-nucleoside polymerase inhibitor that targets transplant-related herpesviruses. It has an option, license, and collaboration agreement with Gilead Sciences, Inc. for the research and development of virology therapies. The company was formerly known as Ventrus Biosciences, Inc. and changed its name to Assembly Biosciences, Inc. in June 2014. Assembly Biosciences, Inc. was incorporated in 2005 and is headquartered in South San Francisco, California."
2025-11-21 23:43:37,SAND,NYSE,Growth,Gold,Basic Materials,mid,64.69,64.69,0.0,0.0,101.0,19.52,0.12,2.4876845,3.58,54.2,0.0047,1.34,26.86,46.74,109.21,"Sandstorm Gold Ltd. operates as a gold royalty company. The company focuses on acquiring royalties and gold and other metals purchase agreements from companies that have advanced stage operating mines. It offers upfront payments for companies to acquire a stream and receives the right to purchase a percentage of a mine's production for the life of the mine. The company has a portfolio of 243 streams and royalties. It primarily has operations in Canada, Mexico, the United States, Mongolia, Burkina Faso, Ecuador, South Africa, Ghana, Botswana, Cote D'Ivoire, Argentina, Brazil, Chile, Peru, Egypt, Ethiopia, Guyana, Paraguay, French Guiana, Turkey, Sweden, Fiji, and Australia. The company was formerly known as Sandstorm Resources Ltd. and changed its name to Sandstorm Gold Ltd. in February 2011. Sandstorm Gold Ltd. was incorporated in 2007 and is headquartered in Vancouver, Canada."
2025-11-21 23:43:37,PFXNZ,NASDAQ,Growth,NONE,NONE,nano,64.62,60.48,4.14,6.85,,375.5,,,20.61,,5.575860440771801,-0.47,1.83,3.48,9.0,None
2025-11-21 23:43:37,NBTX,NASDAQ,Unclassified,Biotechnology,Healthcare,small,64.12,63.88,0.24,0.38,-16.61111135331411,12.16,-1.26,-14.636364,3.29,,0.0,8.56,112.49,472.01,452.53,"Nanobiotix S.A. operates as a clinical-stage biotechnology that focuses on developing product candidates for the treatment of cancer and other unmet medical needs. Its lead product candidate is NBTXR3, a sterile aqueous suspension of crystalline hafnium oxide nanoparticles used for the treatment of soft tissue sarcoma, head and neck cancers, liver cancers, prostate cancer, pancreatic cancer, esophageal cancer, rectal cancer, and non-small cell lung cancer. The company has a partnership with Lian Oncology Limited to develop and commercialize NBTXR3 in Greater China, South Korea, Singapore, and Thailand. Nanobiotix S.A. was incorporated in 2003 and is based in Paris, France."
2025-11-21 23:43:37,TERN,NASDAQ,Unclassified,Biotechnology,Healthcare,small,64.03,59.3,4.73,7.98,-25.54854420782293,12.16,-1.03,8.106901,3.29,,0.0,250.87,293.35,771.36,354.49,"Terns Pharmaceuticals, Inc., a clinical-stage biopharmaceutical company, develops small-molecule product candidates for the treatment of oncology and obesity. The company develops TERN-701, an allosteric BCR-ABL tyrosine kinase inhibitor (TKI) that is in Phase 1 clinical trial for chronic myeloid leukemia (CML), a form of cancer that starts in bone marrow. It also develops TERN-501, a thyroid hormone receptor beta agonist with enhanced liver distribution and metabolic stability that is in Phase IIa clinical trial for the treatment of metabolic dysfunction-associated steatohepatitis (MASH); and TERN-601, a small-molecule Glucagon-Like Peptide-1 receptor agonist program that is intended to orally be administered for obesity, as well as TERN-800 series of small-molecule glucose-dependent insulinotropic polypeptide receptor (GIPR) modulators for obesity. The company was incorporated in 2016 and is headquartered in Foster City, California."
2025-11-21 23:43:37,SLDP,NASDAQ,Unclassified,Auto Parts,Consumer Cyclical,small,63.22,70.72,-7.5,-10.61,-9.296296260975025,16.6,-0.54,2.50499,1.3,,0.0,-11.78,6.13,232.45,356.36,"Solid Power, Inc. develops solid-state battery technologies for the electric vehicles (EV) and other markets in the United States. The company sells its sulfide-based solid electrolyte; and licenses its solid-state cell designs and manufacturing processes. Solid Power, Inc. was founded in 2011 and is headquartered in Louisville, Colorado."
2025-11-21 23:43:37,NRG,NYSE,Income/Growth Blend,Utilities - Independent Power Producers,Utilities,large,63.13,72.06,-8.93,-12.39,23.796711,50.78,6.69,23.186716,10.84,,1.11,-2.56,10.25,1.4,69.01,"NRG Energy, Inc., together with its subsidiaries, operates as an energy and home services company in the United States and Canada. It operates through Texas; East; West/Services/Other; Vivint Smart Home; and Corporate Activities segments. The company produces and sells electricity generated using coal, oil, solar, and battery storage; natural gas; and a cloud-based home platform, including hardware, software, sales, installation, customer service, technical support, and professional monitoring solutions. It offers retail electricity and energy management, line and surge protection products, HVAC installation, repair and maintenance, home protection products, repair and maintenance, and carbon offsets; retail services comprising demand response, commodity sales, energy efficiency, and energy management solutions; and system power, distributed generation, renewable and low-carbon products, carbon management and specialty services, backup generation, storage and distributed solar, and energy advisory services. In addition, the company trades in power, natural gas, and related commodities; environmental products; weather products; and financial products, including forwards, futures, options, and swaps. It offers its products and services under the NRG, Reliant, Direct Energy, Green Mountain Energy, and Vivint. It serves residential, commercial, government, industrial, and wholesale customers. NRG Energy, Inc. was founded in 1989 and is headquartered in Houston, Texas."
2025-11-21 23:43:37,SLDPW,NASDAQ,Unclassified,Auto Parts,Consumer Cyclical,micro,63.04,68.68,-5.64,-8.21,-0.023715585965587777,16.6,-46.383,0.5489022,1.3,,0.0,,,,0.0,"Solid Power, Inc. develops solid-state battery technologies for the electric vehicles (EV) and other markets in the United States. The company sells its sulfide-based solid electrolyte; and licenses its solid-state cell designs and manufacturing processes. Solid Power, Inc. was founded in 2011 and is headquartered in Louisville, Colorado."
2025-11-21 23:43:37,RKLB,NASDAQ,Unclassified,Aerospace & Defense,Industrials,large,62.33,70.85,-8.52,-12.03,-106.05262957121197,36.65,-0.38,15.614102,3.7,,0.0,-36.61,-14.65,58.54,73.26,"Rocket Lab Corporation, a space company, provides launch services and space systems solutions in the United States, Canada, Japan, and internationally. The company provides launch services, spacecraft design services, spacecraft components, spacecraft manufacturing, and other spacecraft and on-orbit management solutions; and constellation management services, as well as designs and manufactures small and medium-class rockets. It also designs, manufactures, and sells Electron, an orbital small launch vehicle for small spacecraft launch services, as well as develops Neutron launch vehicles for large constellation deployments, interplanetary missions and potentially for human spaceflight. In addition, the company designs and manufactures a range of components and subsystems for its launch vehicles and spacecraft. It serves commercial, aerospace prime contractors, and government customers. Rocket Lab Corporation was founded in 2006 and is headquartered in Long Beach, California."
2025-11-21 23:43:37,LGND,NASDAQ,Growth,Biotechnology,Healthcare,mid,62.14,62.89,-0.75,-1.19,87.76652,12.16,2.27,4.1214314,3.29,,0.0,7.55,25.47,96.09,67.15,"Ligand Pharmaceuticals Incorporated, a biopharmaceutical company, develops and licenses biopharmaceutical assets worldwide. It offers Pradefovir, Posaconazole, Voriconazole, CAPVAXIVE, NOXAFIL, MenFive, and ZELSUVMI for infectious disease; EVOMELA and KYPROLIS for multiple myeloma; FILSPARI, a dual endothelin and angiotensin II receptor antagonist for immunoglobulin A nephropathy; Ohtuvayre for respiratory disease; PNEUMOSIL, a pneumococcal conjugate vaccine to help fight against pneumococcal pneumonia in children; and QARZIBA to treat neuroblastoma. The company also provides Teriparatide injection product for osteoporosis; RYLAZE, a recombinant erwinia asparaginase for acute lymphoblastic leukemia or lymphoblastic lymphoma in adult and pediatric patients; TZIELD, a CD3-directed antibody indicated to delay the onset of Stage 3 type 1 diabetes in adults and children aged 8 years and older with Stage 2 T1D; and VAXNEUVANCE for the prevention of invasive disease caused by streptococcus pneumoniae serotypes. In addition, it offers Duavee for menopause; Frovatriptan to treat Neurology; FYCOMPA and SESQUIENT for CNS; LYTENAVA to treat Opthamology; MEKINIST for cardiology; MINNEBRO for metabolic disease; Nexterone, a captisol-enabled formulation of amiodarone; VEKLURY, an antiviral treatment for COVID-19; and Viviant for osteoporosis. Further, the company develops ACLX-002, Ciforadenant, UGN-301, Viright, JZP341, MB07133, BOT/BAL, and Lasofoxifene for oncology; Ensifentrine for respiratory disease; QTORIN for rare disease; Sparsentan for kidney disease; VK2809 for hepatology; ANEB-001 for acute cannabinoid intoxication; CE-furosemide for cardiology; CE-Meloxicam for neurology; V117, CX2101A, and Sitavig for infectious disease; REV-0100, OPT-302, and Reproxalap for opthamology; Vilazodone and Topiramate Injection for CNS; VK0214 for Rare Disease; and VK5211 for musculoskeletal disorder. The company was incorporated in 1987 and is based in Jupiter, Florida."
2025-11-21 23:43:37,CLLS,NASDAQ,Unclassified,Biotechnology,Healthcare,micro,62.09,54.98,7.11,12.93,-14.212121385516541,12.16,-0.33,3.3765297,3.29,,0.0,35.16,74.35,219.05,150.8,"Cellectis S.A., a clinical stage biotechnological company, develops products based on gene-editing with a portfolio of allogeneic chimeric antigen receptor T-cells product candidates in the field of immuno-oncology and gene therapy product candidates in other therapeutic indications. The company is developing ALLO-501 to treat large B-cell lymphoma; ALLO-316, a gene-edited allogeneic CAR T-cell product targeting CD70; ALLO-819 to treat acute myeloid leukemia; ALLO-213 for the treatment of small cell lung cancer; and ALLO-182 to treat gastric and pancreatic cancer. It also develops UCART22 for the treatment of relapsed or refractory B-cell acute lymphoblastic leukemia; UCART123 to treat acute myeloid leukemia; UCART 20x22 for relapsed or refractory B-Cell non-hodgkin's lymphoma; and cema-cel to treat relapsed/refractory chronic lymphocytic leukemia/small lymphocytic lymphoma. The company was founded in 1999 and is headquartered in Paris, France."
2025-11-21 23:43:37,B,NYSE,Income/Growth Blend,Gold,Basic Materials,large,62.03,63.11,-1.08,-1.71,17.572115,19.52,2.08,2.4523616,3.58,169.6,1.92,14.43,39.08,92.68,103.97,"Barrick Mining Corporation engages in the exploration, development, production, and sale of mineral properties. The company explores for gold, copper, silver, and energy materials. The company was formerly known as Barrick Gold Corporation and changed its name to Barrick Mining Corporation in May 2025. Barrick Mining Corporation was founded in 1983 and is based in Toronto, Canada."
2025-11-21 23:43:37,GH,NASDAQ,Unclassified,Diagnostics & Research,Healthcare,mid,61.37,,,,-32.73912986613208,33.51,-3.22,-37.172073,3.08,,0.0,52.01,70.36,177.42,222.88,"Guardant Health, Inc., a precision oncology company, provides blood and tissue tests, and data sets in the United States and internationally. The company provides precision oncology testing services comprising Guardant360, a panel of genetic tests; Guardant360 LDT that measures 730+ genes and supports all guideline-recommended biomarkers; Guardant360 CDx Test, a liquid biopsy test; Guardant360 Response Test, a blood-only liquid biopsy; Guardant360 TissueNext Test, a tissue-based test with AI-powered PD-L1 detection; GuardantINFINITY Test that provides insights into the complexities of tumor molecular profiles and immune response to advance cancer research and therapy development; GuardantConnect, an integrated software-based solution designed for clinical and biopharmaceutical customers to connect patients tested with assays with actionable alterations with potentially relevant clinical studies; GuardantOMNI blood test for advanced stage cancer; and GuardantINFORM, an in-silico research platform for tumor evolution and treatment resistance across various biomarker-driven cancers. It also offers Shield Test; Guardant Reveal Test for adjuvant treatment and surveillance settings in early-stage cancer patients; and Smart Liquid Biopsy Platform. In addition, the company provides development services, including companion diagnostic development and regulatory approval, clinical study setup, monitoring and maintenance, testing development and support, technologies licensing, and kit fulfillment and delivery of Shield screening tests. The company was incorporated in 2011 and is headquartered in Palo Alto, California."
2025-11-21 23:43:37,TARS,NASDAQ,Unclassified,Biotechnology,Healthcare,mid,61.21,,,,-38.66990469034435,12.16,-2.06,10.091208,3.29,,0.0,16.6,40.72,85.34,65.13,"Tarsus Pharmaceuticals, Inc., a commercial stage biopharmaceutical company, focuses on the development and commercialization of therapeutic candidates for eye care in the United States. The company's lead product candidate is XDEMVY, a novel therapeutic for the treatment of blepharitis caused by the infestation of Demodex mites, as well as to treat meibomian gland disease. It is also developing TP-04 for the treatment of Ocular Rosacea; TP-05 for potential Lyme disease prophylaxis; and community malaria reduction. In addition, the company develops lotilaner active pharmaceutical ingredient (API) to address diseases in human medicine, including eye care and infectious disease prevention. Tarsus Pharmaceuticals, Inc. was incorporated in 2016 and is headquartered in Irvine, California."
2025-11-21 23:43:37,RVMD,NASDAQ,Unclassified,Biotechnology,Healthcare,mid,60.62,,,,-13.655106502231604,12.16,-5.19,8.418864,3.29,,0.0,32.62,98.68,78.2,24.88,"Revolution Medicines, Inc., a clinical-stage precision oncology company, develops novel targeted therapies for RAS-addicted cancers. The company's research and development pipeline consist of RAS(ON) inhibitors that binds RAS variants to be used as monotherapy in combination with other RAS(ON) inhibitors and/or in combination with RAS companion inhibitors or other therapeutic agents, and RAS companion inhibitors to suppress cooperating targets and pathways that sustain RAS-addicted cancers. Its RAS(ON) inhibitors include daraxonrasib (RMC-6236), elironrasib G12C (RMC-6291), and zoldonrasib G12D (RMC-9805), which are in phase 1 clinical trial; and development candidates comprise RMC-5127 (G12V), RMC-0708 (Q61H), and RMC-8839 (G13C). The company's RAS companion inhibitors include RMC-4630 that is in phase 2 clinical trial; RMC-5552, a selective inhibitor of mTORC1 signaling in tumors, which is in phase 1 clinical trial; and RMC-5845 that targets SOS1. Revolution Medicines, Inc. was incorporated in 2014 and is headquartered in Redwood City, California."
2025-11-21 23:43:37,DRD,NYSE,Income/Growth Blend,Gold,Basic Materials,mid,60.52,64.89,-4.37,-6.73,17.653334,19.52,1.5,0.25710484,3.58,72.1,1.74,3.48,48.85,69.42,176.46,"DRDGOLD Limited, a gold mining company, engages in the extraction of gold from the retreatment of surface mine tailings in South Africa. It sells gold and silver bullion. It is involved in provision care and maintenance services; produces renewable power; employee home loans; and operation of training center. The company was formerly known as Durban Roodepoort Deep Limited and changed its name to DRDGOLD Limited in 2004. The company was incorporated in 1895 and is headquartered in Johannesburg, South Africa. DRDGOLD Limited is a subsidiary of Sibanye Gold Limited."
2025-11-21 23:43:37,NPFD,NYSE,Value,Asset Management,Financial Services,nano,60.36,65.26,-4.9,-7.51,9.865979,12.17,1.94,0.95413756,0.96,-15.7,10.52,-1.85,0.4,7.93,11.91,"Nuveen Variable Rate Preferred & Income Fund operates as a closed-end management investment company. The company is based in Chicago, Illinois."
2025-11-21 23:43:37,ECCV,NYSE,Growth,NONE,NONE,small,60.14,51.66,8.48,16.42,,375.5,,,20.61,,5.687685348002349,2.03,2.17,6.13,8.18,None
2025-11-21 23:43:37,ETR,NYSE,Income,Utilities - Regulated Electric,Utilities,large,59.63,63.8,-4.17,-6.54,23.078817,19.88,4.06,2.5115256,1.83,7.6,2.73,-1.41,5.78,14.65,27.55,"Entergy Corporation, together with its subsidiaries, engages in the production and retail distribution of electricity in the United States. It generates, transmits, distributes, and sells electric power in portions of Arkansas, Louisiana, Mississippi, and Texas, including the City of New Orleans; and distributes natural gas. It also engages in the ownership of interests in non-nuclear power plants that sell electric power to wholesale customers, as well as provides decommissioning services to other nuclear power plant owners. It generates electricity through gas, nuclear, coal, hydro, and solar power sources. The company sells energy to retail power providers, utilities, electric power co-operatives, power trading organizations, and other power generation companies. The company's power plants have approximately 25,000 megawatts of electric generating capacity. It delivers electricity to 3 million utility customers in Arkansas, Louisiana, Mississippi, and Texas. Entergy Corporation was founded in 1913 and is headquartered in New Orleans, Louisiana."
2025-11-21 23:43:37,BWNB,NYSE,Growth,NONE,NONE,mid,59.12,59.43,-0.31,-0.52,,375.5,,,20.61,,6.62857142857143,3.9,26.95,89.43,22.44,None
2025-11-21 23:43:37,GAINN,NASDAQ,Growth,NONE,NONE,small,58.69,62.77,-4.08,-6.5,,375.5,,,20.61,,4.49,1.01,1.38,3.24,7.53,None
2025-11-21 23:43:37,SQFTP,NASDAQ,Unclassified,REIT - Diversified,Real Estate,nano,58.63,61.63,-3.0,-4.87,-28.080438129208858,27.41,-0.547,0.7444385,1.03,,15.27,1.75,6.42,18.38,24.24,"Presidio is an internally managed, diversified REIT with holdings in model home properties which are triple net leased to homebuilders, office, industrial, and retail properties. Presidio's model homes are leased to homebuilders located primarily in the sun belt states. Presidio's office, industrial, and retail properties are located primarily in Colorado, with properties also located in Maryland, North Dakota, Texas, and Southern California."
2025-11-21 23:43:37,JOF,NYSE,Income,Asset Management,Financial Services,nano,58.62,64.32,-5.7,-8.86,4.2489624,12.17,2.41,1.0827959,0.96,,10.39,-1.36,0.53,16.24,47.18,"Japan Smaller Capitalization Fund, Inc. is a closed-ended equity mutual fund launched by Nomura Asset Management U.S.A. Inc. It is managed by Nomura Asset Management Co., Ltd. The fund invests in the public equity markets of Japan. It invests in stocks traded on the Tokyo, Osaka and Nagoya Stock Exchanges, JASDAQ, Mothers, Hercules, Centrex, and other indices. The fund seeks to invest in stocks of companies operating across diversified sectors. It primarily invests in stocks of small cap companies. The fund benchmarks the performance of its portfolio against the The Russell/Nomura Small Cap Index. It was formerly known as Japan OTC Equity Fund, Inc. Japan Smaller Capitalization Fund, Inc. was formed on March 22, 1990 and is domiciled in the United States."
2025-11-21 23:43:37,KORE,NYSE,Unclassified,Telecom Services,Communication Services,nano,58.55,59.88,-1.33,-2.22,-1.142458143180975,12.46,-3.58,-0.49158657,1.85,,0.0,32.79,71.13,76.29,121.08,"KORE Group Holdings, Inc. provides Internet of Things (IoT) services and solutions in the United States and internationally. The company offers connectivity and location-based services, device solutions, and managed and professional services that are used in the development and support of IoT technology for the business market. Its products include IoT connectivity-as-a-service; connectivity enablement-as-a-service; device management services; and security software services. In addition, the company offers IoT connectivity products comprising sim cards; and IoT devices. The company serves customers in healthcare, fleet and vehicle management, asset management, communication services, and industrial/manufacturing sectors. KORE Group Holdings, Inc. was founded in 2002 and is headquartered in Atlanta, Georgia."
2025-11-21 23:43:37,PAAS,NYSE,Income/Growth Blend,Gold,Basic Materials,large,58.32,63.8,-5.48,-8.59,21.236996,19.52,1.73,2.3434112,3.58,197.4,1.52,1.44,13.01,52.2,64.1,"Pan American Silver Corp. engages in the exploration, mine development, extraction, processing, refining, and reclamation of mines in Canada, Mexico, Peru, Bolivia, Argentina, Chile, and Brazil. It explores for silver, gold, zinc, lead, and copper deposits. The company was formerly known as Pan American Minerals Corp. and changed its name to Pan American Silver Corp. in April 1995. Pan American Silver Corp. was incorporated in 1979 and is headquartered in Vancouver, Canada."
2025-11-21 23:43:37,PYXS,NASDAQ,Unclassified,Biotechnology,Healthcare,micro,57.78,54.52,3.26,5.98,-2.857142970675514,12.16,-1.68,4.3360434,3.29,,0.0,42.01,245.32,290.24,152.63,"Pyxis Oncology, Inc., a clinical stage company, engages in the development of therapeutics to treat solid tumors. Its lead antibody-drug conjugates (ADC) product candidate is PYX-201, an investigational novel ADC consisting of human immunoglobulin G1 (IgG1), which is in Phase 1 clinical trial to treat patients with relapsed or refractory solid tumors; and lead immuno-oncology (IO) product candidate is PYX-106, an investigational fully human IgG1 Siglec-15-targeting antibody that is in Phase 1 clinical trial to treat patients with advanced solid tumors. The company is also developing PYX-107, a CD40 agonist with demonstrated anti-cancer activity in patients with several cancer indications, which is in Phase 2 clinical trial for the treatment of tumors, such as soft tissue sarcomas, esophageal and gastroesophageal junction, cancers, and pancreatic ductal adenocarcinoma. It has in-license agreement with Pfizer Inc. to develop and commercialize ADC product candidates, including micvotabart pelidotin and PYX-203, and other ADC product candidates directed to the licensed targets; and Biosion USA, Inc. for development, manufacture, and commercialization of PYX-106, an IO product candidate. Pyxis Oncology, Inc. was incorporated in 2018 and is headquartered in Boston, Massachusetts."
2025-11-21 23:43:37,EVOK,NASDAQ,Unclassified,Drug Manufacturers - Specialty & Generic,Healthcare,nano,57.42,57.47,-0.05,-0.09,-7.731884113256482,21.58,-1.38,6.844131,2.37,,0.0,129.46,105.19,183.78,146.42,"Evoke Pharma, Inc. operates as a specialty pharmaceutical company that focuses on the development and commercialization of drugs for the treatment of gastroenterological disorders and diseases. It offers Gimoti, a metoclopramide nasal spray to treat symptoms associated with acute and recurrent diabetic gastroparesis in adults. The company markets its products to gastroenterologists, internal medicine specialists, primary care physicians, and select health care providers. Evoke Pharma, Inc. was incorporated in 2007 and is based in Solana Beach, California."
2025-11-21 23:43:37,TIGO,NASDAQ,Growth,Telecom Services,Communication Services,mid,57.41,54.34,3.07,5.65,8.069018,12.46,6.52,2.6294484,1.85,282.4,5.76,10.85,14.77,51.7,126.86,"Millicom International Cellular S.A. provides cable and mobile services in Latin America. It offers mobile services, including mobile data and voice, and short message services; and mobile financial services, such as payments, money transfers, international remittances, savings, real-time loans, and micro-insurance. The company also operates TIGO Sports for sports dedicated broadcast business; Tigo Money that allows its customers to send and receive money without the need for a bank account; and TIGO ONEtv for pay TV. In addition, it provides fixed services, including broadband, fixed voice, and pay-TV; and fixed-voice and data telecommunications services, managed services, cloud and security solutions, and value-added services; and tower infrastructure and services. The company serves small, medium, and large businesses, as well as residential consumers and governmental entities. It markets its products and services under the Tigo and Tigo Business brands. The company was founded in 1990 and is headquartered in Luxembourg, Luxembourg."
2025-11-21 23:43:37,TPC,NYSE,Unclassified,Engineering & Construction,Industrials,mid,57.35,54.06,3.29,6.09,-110.79999750310724,31.86,-0.55,2.6972954,4.76,,0.39,-9.95,4.14,70.13,113.67,"Tutor Perini Corporation, a construction company, provides diversified general contracting, construction management, and design-build services to private customers and public agencies worldwide. It operates through three segments: Civil, Building, and Specialty Contractors. The Civil segment engages in the public works construction and the replacement and reconstruction of infrastructure; and offers contracting services, including construction and rehabilitation of highways, bridges, tunnels, mass-transit systems, military defense facilities, and water management and wastewater treatment facilities, as well as provides drilling, foundation, and excavation support for shoring, bridges, piers, roads, and highway projects. The Building segment offers range of services in various specialized building markets, such as hospitality and gaming, transportation, health care, commercial offices, government facilities, sports and entertainment, education, correctional and detention facilities, biotech, pharmaceutical, industrial, and technology. The Specialty Contractors segment provides electrical, mechanical, plumbing, and fire protection systems, as well as heating, ventilation, and air conditioning services (HVAC) for civil and building construction projects in industrial, commercial, hospitality and gaming, and mass-transit end markets. It also offers pre-construction planning and project management services comprising planning and scheduling of the manpower, equipment, materials, and subcontractor services; and self-performed construction services consisting of site work, concrete forming and placement, and steel erection. The company was formerly known as Perini Corporation and changed its name to Tutor Perini Corporation in May 2009. Tutor Perini Corporation was founded in 1894 and is headquartered in Sylmar, California."
2025-11-21 23:43:37,IONS,NASDAQ,Unclassified,Biotechnology,Healthcare,large,57.01,51.55,5.46,10.59,-47.260867290615295,12.16,-1.61,19.840937,3.29,,0.0,6.42,81.95,130.72,123.73,"Ionis Pharmaceuticals, Inc., a commercial-stage biotechnology company, provides RNA-targeted medicines in the United States. The company offers TRYNGOLZA reduces triglyceride levels in adults with familial chylomicronemia syndrome (FCS) and acute pancreatitis; WAINUA for the treatment of the polyneuropathy of hereditary transthyretin-medicated amyloidosis (ATTRv-PN) in adults; and SPINRAZA for pediatric and adult patients with spinal muscular atrophy (SMA). It also provides QALSODY for the treatment of Amyotrophic Lateral Sclerosis (ALS); TEGSEDI for the treatment of ATTRv-PN in adults; and WAYLIVRA for treatment for FCS and familial partial lipodystrophy. It also develops products under Phase 3 clinical trials, such as Olezarsen for patients with hypertriglyceridemia (SHTG) and cardiovascular disease (CVD); Donidalorsen for patients with hereditary angioedema; and Zilganerse, a potential treatment for people with genetically confirmed Alexander disease, as well as ION582 that has completed Phase 2 clinical trial for the potential treatment of AS, a rare genetic neurological disease. In addition, the company develops Eplontersen to degrade mutant and wild-type TTR mRNA through binding to the TTR mRNA; Pelacarsen to inhibit the production of apolipoprotein(a) in the liver to offer a direct approach for reducing lipoprotein(a); Bepirovirsen to inhibit the production of viral proteins associated with hepatitis B virus; Sefaxersen to reduce the production of complement factor B and lower activation of the alternative complement pathway; and Ulefnersen to reduce the production of the fused in sarcoma, as well as other mid-stage pipeline investigational medicines. It has a strategic collaboration with Biogen for the treatment of neurological disorders; and collaboration and license agreement with GSK, AstraZeneca, Novartis, and Roche, as well as with Metagenomi. The company was incorporated in 1989 and is headquartered in Carlsbad, California."
2025-11-21 23:43:37,GAINZ,NASDAQ,Growth,NONE,NONE,small,56.77,63.07,-6.3,-9.99,,375.5,,,20.61,,5.3100000000000005,0.06,1.47,5.83,7.95,None
2025-11-21 23:43:37,KEP,NYSE,Growth,Utilities - Regulated Electric,Utilities,large,56.47,55.26,1.21,2.19,3.8306637,19.88,4.37,0.0002692325,1.83,103.1,0.45,13.11,21.39,46.58,98.9,"Korea Electric Power Corporation, an integrated electric utility company, engages in the generation, transmission, and distribution of electricity in South Korea and internationally. It operates through Transmission and Distribution, Nuclear Power Generation, Thermal Power Generation, and Others segments. The company generates power from nuclear, coal, oil, liquefied natural gas, internal combustion, combined-cycle, integrated gasification combined cycle, hydro, wind, solar, fuel cell, biogas, and other sources. As of December 31, 2024, the company had a total of 848 generation units, including nuclear, thermal, hydroelectric, and internal combustion units with an installed generation capacity of 85,424 megawatts; transmission system consisted of 35,856 circuit kilometers of lines of 765 kilovolts and others, including high-voltage direct current lines, as well as 925 substations with an installed transformer capacity of 368,758 megavolt-amperes; and distribution system included 148,176 megavolt-amperes of transformer capacity and 10,251,345 units of support with a total line length of 547,850 circuit kilometers. It also provides electricity to residential, commercial, educational, industrial, agricultural, street lighting, and overnight power usage. In addition, the company offers engineering and construction services for utility plant and others; utility plant maintenance, electric power information technology, resources development, facility maintenance, electric meter reading, and security services; and engages in nuclear fuel, fly ashes recycling, utility plants construction and operation, and wood pellet utilization businesses. Korea Electric Power Corporation was founded in 1898 and is headquartered in Naju-Si, South Korea."
2025-11-21 23:43:37,BBUC,NYSE,Unclassified,Asset Management,Financial Services,mid,56.42,63.58,-7.16,-11.26,-2.1170633810537836,12.17,-15.12,-4.563079,0.96,,0.78,-10.56,-7.08,12.85,21.56,"Brookfield Business Corporation owns and operates services and industrials operations in the United States, Australia, Brazil, the United Kingdom, and internationally. The company provides cloud-based software as a service and technology solutions to dealerships and original equipment manufacturers across automotive and related industries, as well as operates private hospitals. It also offers private sanitation services, such as collection, treatment, and distribution of water and wastewater to a range of residential and governmental customers; and construction services for large scale and complex landmark buildings and social infrastructure. The company was incorporated in 2021 and is headquartered in New York, New York."
2025-11-21 23:43:37,WLDN,NASDAQ,Growth,Engineering & Construction,Industrials,small,56.32,55.3,1.02,1.84,34.849464,31.86,2.79,5.067494,4.76,86.8,0.0,-1.48,-16.17,88.98,127.92,"Willdan Group, Inc., together with its subsidiaries, provides professional, technical, and consulting services primarily in the United States. The company operates in two segments, Energy, and Engineering and Consulting. The Energy segment offers comprehensive audit and surveys, program design and implementation, master planning, demand reduction, grid optimization, benchmarking analyses, design engineering, construction management, performance contracting, installation, alternative financing, measurement and verification services, and software and data analytics, as well as energy consulting and engineering, turnkey facility and infrastructure projects, and customer support services. The Engineering and Consulting segment provides building and safety, city engineering and code enforcement, development plan review and inspection, disaster recovery, geotechnical and earthquake engineering, planning and surveying, contract staff support, program and construction management, structural engineering, transportation and traffic engineering, and water resources services. This segment also offers district administration, financial consulting, and federal compliance services. It serves public and governmental agencies, including cities, counties, redevelopment agencies, water districts, school districts, and universities; investor and municipal owned energy utilities; state and federal agencies; and commercial and industrial firms, as well as various other special districts and agencies. Willdan Group, Inc. was founded in 1964 and is headquartered in Anaheim, California."
2025-11-21 23:43:37,TSAT,NASDAQ,Unclassified,Communication Equipment,Technology,small,56.07,60.53,-4.46,-7.37,-3.0152284554418576,27.52,-7.88,0.5271215,2.33,,0.0,-22.81,15.4,51.63,97.18,"Telesat Corporation, a satellite operator, provides mission-critical communications solutions to support the requirements of satellite users in Canada, the United States, Asia, Australia, Latin America, the Caribbean, Europe, the Middle East, and Africa. It operates through Geostationary (GEO) and Low Earth Orbit (LEO) segments. The company offers broadcast services comprising direct-to-home television, video distribution and contribution, and occasional use services; enterprise services consisting of telecommunication carrier and integrator, government, consumer broadband, resource, maritime and aeronautical, and retail and satellite operator services; and consulting services related to space and earth segments, government studies, satellite control services, and research and development. It also provides value-added services, such as satellite capacity, digital encoding of video channels, and uplinking and downlinking services; satellite capacity and end-to-end services for data and voice transmission to telecommunications carriers and integrators; space segment services and terrestrial facilities for enterprise connectivity; internet and cellular backhaul and services, including rural telephony to telecommunications carriers and network services integrators. In addition, the company offers direct-to-consumer broadband services; and communications services to offshore, oil and gas, and mining industries. Further, the company operates satellite and terrestrial networks that support enterprise and retail activities. It offers its services through a direct sales force. Telesat Corporation was founded in 1969 and is headquartered in Ottawa, Canada."
2025-11-21 23:43:37,PHAR,NASDAQ,Growth,Biotechnology,Healthcare,small,55.35,58.47,-3.12,-5.34,inf,12.16,0.0,30.85389,3.29,,0.0,9.79,13.87,56.65,115.94,"Pharming Group N.V., a biopharmaceutical company, develops and commercializes protein replacement therapies and precision medicines for the treatment of rare diseases in the United States, Europe, and internationally. The company's lead product is RUCONEST, a recombinant C1 esterase inhibitor for the treatment of acute attacks in adult and adolescent patients with acute hereditary angioedema (HAE); and Joenja (leniolisib), an oral small molecule PI3K? inhibitor for the treatment of activated phosphoinositide 3-kinase delta syndrome. It also develops OTL-105, an investigational ex-vivo autologous hematopoietic stem cell gene therapy for the treatment of HAE. It has a development collaboration and license agreement with Novartis; and a strategic collaboration agreement with Orchard Therapeutics plc for research, development, manufacturing, and commercialization of OTL-105. Pharming Group N.V. was incorporated in 1988 and is headquartered in Leiden, the Netherlands."
2025-11-21 23:43:37,CIEN,NYSE,Growth,Communication Equipment,Technology,large,55.32,60.35,-5.03,-8.33,181.89795,27.52,0.98,9.039554,2.33,253.5,0.0,3.29,96.45,122.21,154.19,"Ciena Corporation, a network technology company, provides hardware, software, and services for various network operators in the Americas, Europe, the Middle East, Africa, the Asia Pacific, Japan, and India. It operates through Networking Platforms, Platform Software and Services, Blue Planet Automation Software and Services, and Global Services segments. The Networking Platforms segment consist of a range of products and solutions for convergence of coherent optical transport, open optical networking, optical transport network switching, IP routing, and switching services. This segments products include the 6500 Packet-Optical Platform, Waveserver modular interconnect system, the 6500 Reconfigurable Line system, Coherent ELS open line system, O-NID edge OTN demarcation device, coherent pluggable transceivers, and the 5400 family of Packet-Optical platforms; and the 3000 family of service delivery platforms and the 5000 family of service aggregation, as well as the 8100 Coherent IP networking platforms, WaveRouter product, virtualization software, the 6500 Packet Transport system, the 8700 Packetwave platform, and SD-Edge software and passive optical network routing and switching portfolio products. The Platform Software and Services segment offers Navigator Network Control Suite domain controller solution, OneControl unified management system, and data and planning tools. The Blue Planet Automation Software and Services segment comprises inventory management, multi-domain service orchestration, multi-cloud orchestration, route optimization and analysis, and unified assurance and analytics. The Global Services segment provides maintenance support and training, installation and deployment, and consulting and network design services. Ciena Corporation was incorporated in 1992 and is headquartered in Hanover, Maryland."
2025-11-21 23:43:37,ERAS,NASDAQ,Unclassified,Biotechnology,Healthcare,small,55.18,,,,-6.790697851846384,12.16,-0.43,2.3817294,3.29,,0.0,32.13,83.65,139.34,8.15,"Erasca, Inc., a clinical-stage precision oncology company, focuses on discovering, developing, and commercializing therapies for patients with RAS/MAPK pathway-driven cancers. The company's lead product is naporafenib which is in SEACRAFT-2 pivotal Phase 3 trial for patients with NRAS-mutated (NRASm) melanoma; and in SEACRAFT-1 Phase 1b trial for patients with NRAS Q61X melanoma. It also develops ERAS-0015, a pan-RAS molecular glue for the treatment of patients with RAS-altered solid tumors; ERAS-4001, a pan-KRAS inhibitor for the treatment of patients with KRAS-altered solid tumors; and ERAS-12, an investigational EGFR D2/D3 biparatopic antibody (bpAb) for the treatment of EGRF and RAS/MAPK solid tumors. In addition, the company's products under development include ERAS-801, a central nervous system (CNS)-penetrant EGFR inhibitor for patients with EGFR-altered recurrent glioblastoma (GBM) which is in phase 1 clinical trials; and ERAS-007, an oral inhibitor of ERK1/2 and ERAS-601, an oral SHP2 inhibitor for patients with advanced or metastatic solid tumors. It has a license agreement with Novartis to develop, manufacture, use, and commercialize naporafenib; Katmai Pharmaceuticals, Inc. to develop, manufacture, use, and commercialize ERAS-801 and certain other related compounds; and NiKang Therapeutics, Inc. to develop and commercialize ERAS-601 and certain other related compounds. Erasca, Inc. was incorporated in 2018 and is headquartered in San Diego, California."
2025-11-21 23:43:37,EM,NASDAQ,Unclassified,Personal Services,Consumer Cyclical,small,54.94,55.12,-0.18,-0.33,-135.50000190734863,11.64,-0.01,0.12931858,2.01,,0.0,1.88,5.86,25.46,97.23,"Smart Share Global Limited, a consumer tech company, provides mobile device charging services through online and offline network in the People's Republic of China. The company offers services through its power banks placed in points of interests (POIs) operated by its location partners, such as entertainment venues, restaurants, shopping centers, hotels, transportation hubs, and public spaces. The company also provides advertising services, as well as sells merchandises through distributors or online platform; and rents power banks. Smart Share Global Limited was incorporated in 2017 and is headquartered in Shanghai, the People's Republic of China."
2025-11-21 23:43:37,ARQT,NASDAQ,Unclassified,Biotechnology,Healthcare,mid,54.53,47.16,7.37,15.63,-84.25714220319476,12.16,-0.35,22.442923,3.29,,0.0,46.86,87.95,110.94,190.83,"Arcutis Biotherapeutics, Inc., a biopharmaceutical company, focuses on developing and commercializing treatments for dermatological diseases. Its lead product is ZORYVE, a topical roflumilast cream for the treatment of plaque psoriasis and atopic dermatitis. The company is also developing ARQ-154, a topical ZORYVE foam for the treatment of scalp and body psoriasis and seborrheic dermatitis; ARQ-255, a selective small molecule inhibitor of JAK1 for the treatment of alopecia areata; ARQ-252, a JAK1-selective topical cream in development for hand eczema and vitiligo; and ARQ-234, a CD200R fusion protein for the treatment of atopic dermatitis. The company was formerly known as Arcutis, Inc. and changed its name to Arcutis Biotherapeutics, Inc. in October 2019. Arcutis Biotherapeutics, Inc. was incorporated in 2016 and is headquartered in Westlake Village, California."
2025-11-21 23:43:37,FCAP,NASDAQ,Income,Banks - Regional,Financial Services,micro,54.1,,,,10.7483,11.75,4.41,1.2003343,1.04,54.50000000000001,2.54,10.85,25.56,-1.36,49.08,"First Capital, Inc. operates as the bank holding company for First Harrison Bank that provides various banking services to individuals and business customers in Indiana and Kentucky, the United States. The company offers various deposit instruments, including non-interest-bearing checking accounts, negotiable order of withdrawal accounts, money market accounts, regular savings accounts, certificates of deposit, and retirement savings plans. It also provides residential mortgage loans; construction loans for residential and commercial properties; and commercial real estate and business loans. In addition, the company originates residential mortgage, multi-family residential, commercial real estate and business, and consumer loans. Further, it offers various secured or guaranteed consumer loans, including automobile and truck, home equity, home improvement, boat, and mobile home loans; unsecured consumer loans; and loans secured by savings deposits. Additionally, the company invests in mortgage-backed securities and collateralized mortgage obligations. First Capital, Inc. was founded in 1891 and is based in Corydon, Indiana."
2025-11-21 23:43:37,RZLT,NASDAQ,Unclassified,Biotechnology,Healthcare,small,54.1,,,,-10.239583253860474,12.16,-0.96,6.079159,3.29,,0.0,8.98,40.43,152.7,100.2,"Rezolute, Inc., a late-stage rare disease company, focused on improving outcomes for individuals with hypoglycemia caused by hyperinsulinism in the United States. Its lead clinical asset is ersodetug, an intravenously administered human monoclonal antibody that is in Phase 3 clinical trial for the treatment of congenital hyperinsulinism, an ultra-rare pediatric genetic disorder, as well as for the treatment of hypoglycemia; and clinical trials of ersodetug for tumor hyperinsulinism. The company was formerly known as AntriaBio, Inc. and changed its name to Rezolute, Inc. in December 2017. Rezolute, Inc. was founded in 2010 and is headquartered in Redwood City, California."
2025-11-21 23:43:37,BETRW,NASDAQ,Value,Mortgage Finance,Financial Services,nano,53.69,53.63,0.06,0.11,,13.24,,0.17608216,1.16,,0.0,,,,0.0,"Better Home & Finance Holding Company operates as a homeownership company in the United States. The company provides government-sponsored enterprise GSE conforming loans, U.S. Federal Housing Administration FHA insured loans, U.S. Department of Veterans Affairs VA guaranteed loans, and jumbo loans to GSEs, banks, insurance companies, asset managers, and mortgage real estate investment trusts. It also offers real estate agent services, title insurance and settlement services, and homeowners insurance services. The company formerly known as Better Mortgage Corporation and changed its name to Better Home & Finance Holding Company in August 2023. Better Home & Finance Holding Company is headquartered in New York, New York."
2025-11-21 23:43:37,SLGL,NASDAQ,Unclassified,Biotechnology,Healthcare,micro,53.47,51.09,2.38,4.66,-30.04098485727779,12.16,-1.22,3.9223032,3.29,,0.0,-8.15,74.52,382.87,586.33,"Sol-Gel Technologies Ltd., together with its subsidiary Sol-Gel Technologies Inc., develops topical dermatological drugs for patients with severe skin conditions in Israel, China, Switzerland, Canada, and internationally. The company offers Twyneo, a once-daily, non-antibiotic topical cream for the treatment of acne vulgaris; and Epsolay, a once-daily topical cream for the treatment of papulopustular (subtype II) rosacea. It also develops SGT-610 that is in Phase 3 clinical trials for the treatment of Gorlin Syndrome; and SGT-210, which has completed Phase I clinical trial, to treat rare hyperkeratinization disorders, such as Darier, PC, PPK, Olmsted, etc. It has collaboration with Padagis Israel Pharmaceuticals Ltd; and license agreements with Galderma Holding SA and Searchlight Pharma Inc. Sol-Gel Technologies Ltd. was incorporated in 1997 and is headquartered in Ness Ziona, Israel."
2025-11-21 23:43:37,HTFB,NYSE,Growth,,,small,53.11,53.11,0.0,0.0,20.547386,4.92,1.224,2.417107,,,5.13,0.8,1.23,3.06,7.71,"Horizon Technology Finance Corporation is a business development company specializing in lending and and investing in development-stage investments. It focuses on making secured debt and venture lending investments to venture capital backed companies in the technology, life science, healthcare information and services, cleantech and sustainability industries. It seeks to invest in companies in the United States."
2025-11-21 23:43:37,SPRU,NYSE,Unclassified,Solar,Technology,nano,52.94,53.27,-0.33,-0.62,-3.8074073085078486,18.88,-1.35,0.7478539,2.65,,0.0,88.97,254.48,162.24,124.45,"Spruce Power Holding Corporation owns and operates distributed solar energy assets in the United States. The company offers electricity for homeowners and businesses through subscription-based payments and solar renewable energy credits (SRECs) for contracted prices, which are generated by home solar energy systems. It also provides Spruce Pro servicing platform, which provides home and third party-owned solar energy systems with portfolio managed services, including billing and collections/asset recovery, account support services, financial asset management, homeowner support and servicing technology, asset operations, and transaction and execution services related to SRECs; and Spruce Pro, which offers third-party owners a range of services for residential, commercial, and industrial assets. Spruce Power Holding Corporation was founded in 2009 and is headquartered in Denver, Colorado."
2025-11-21 23:43:37,ECCC,NYSE,Value,Asset Management,Financial Services,small,52.51,50.13,2.38,4.75,12.905703,12.17,1.824,3.218485,0.96,,6.9,1.48,1.91,9.04,7.17,"Eagle Point Credit Company Inc. is a closed ended fund launched and managed by Eagle Point Credit Management LLC. It invests in fixed income markets of the United States. The fund invests equity and junior debt tranches of collateralized loan obligations consisting primarily of below investment grade U.S. senior secured loans. Eagle Point Credit Company Inc. was formed on March 24, 2014 and is domiciled in the United States."
2025-11-21 23:43:37,CMPO,NYSE,Unclassified,Metal Fabrication,Industrials,mid,52.48,68.07,-15.59,-22.9,-9.044776271231733,28.92,-2.01,14.901639,1.59,,0.0,-11.83,-7.48,37.52,36.46,"CompoSecure, Inc. manufactures and designs metal, composite, and proprietary financial transaction cards in the United States and internationally. The company's payment card technology and metal cards with Arculus secure authentication and digital asset storage capabilities deliver unique, branded experiences, enable people to access and use financial and digital assets, and ensure trust at the point of a transaction. It provides its products and services primarily to financial institutions, plastic card manufacturers, system integrators, and security specialists. CompoSecure, Inc. was founded in 2000 and is based in Somerset, New Jersey."
2025-11-21 23:43:37,COMP,NYSE,Unclassified,Real Estate Services,Real Estate,mid,52.44,49.42,3.02,6.11,-83.08333555857341,26.88,-0.12,7.203758,1.85,,0.0,29.99,4.62,67.0,45.97,"Compass, Inc. provides real estate brokerage services in the United States. It operates the Compass Platform, a technology platform that provides an integrated suite of cloud-based software for customer relationship management, marketing, client service, brokerage services, and other functionalities for the real estate industry; and the CIRE platform, a multi-tenant technology platform for affiliates and its agents. The company also offers mobile apps that allow agents to manage their business anytime and anywhere, as well as designs consumer-grade user interfaces, automated and simplified workflows for agent-client interactions, and insight-rich dashboards and reports. In addition, it provides full-service title, escrow, and settlement services to the agents' clients, real estate companies, and financial institutions relating to the closing of home purchases as well as the refinancing of home loans; and Compass Concierge, a program in which provides home sellers access to capital to front the cost of home improvement services. The company was formerly known as Urban Compass, Inc. and changed its name to Compass, Inc. in January 2021. Compass, Inc. was incorporated in 2012 and is headquartered in New York, New York."
2025-11-21 23:43:37,SII,NYSE,Income/Growth Blend,Asset Management,Financial Services,mid,52.29,61.62,-9.33,-15.14,41.48469,12.17,1.96,6.08198,0.96,3.5999999999999996,1.97,-0.12,25.5,40.6,85.27,"Sprott Inc. is a publicly owned asset management holding company. Through its subsidiaries, the firm provides asset management, portfolio management, wealth management, fund management, and administrative and consulting services to its clients. It offers mutual funds, hedge funds, and offshore funds, along with managed accounts. Further, the firm also provides broker-dealer activities. Sprott Inc. was formed on February 13, 2008 and is based in Toronto, Canada."
2025-11-21 23:43:37,WHLRD,NASDAQ,Unclassified,REIT - Retail,Real Estate,nano,52.26,53.27,-1.01,-1.9,-18.68843674914995,24.24,-1.868,-0.76919687,1.62,,0.0,-2.35,-0.96,2.89,35.21,"Headquartered in Virginia Beach, Virginia, Wheeler Real Estate Investment Trust, Inc. (Nasdaq: WHLR) is a fully integrated, self-managed commercial real estate investment company focused on owning, leasing and operating income-producing retail properties with a primary focus on grocery-anchored centers. WHLR's portfolio contains well-located, potentially dominant retail properties in secondary and tertiary markets that generate attractive, risk adjusted returns. WHLR's common stock, Series B convertible preferred stock (""Series B Preferred Stock"" and, together with the Series D Preferred Stock, the ""Preferred Stock""), Series D Preferred Stock, and Convertible Notes trade publicly on Nasdaq under the symbols ""WHLR"", ""WHLRP"", ""WHLRD"", and ""WHLRL"", respectively."
2025-11-21 23:43:37,ROIV,NASDAQ,Unclassified,Biotechnology,Healthcare,large,51.7,52.0,-0.3,-0.58,-20.4242417306611,12.16,-0.99,3.196838,3.29,,0.0,11.59,73.71,86.02,61.37,"Roivant Sciences Ltd., a clinical-stage biopharmaceutical company, focuses on the discovery, development, and commercialization of medicines and technologies. Its clinical product candidates include IMVT-1402, a fully human monoclonal antibody that targets the neonatal fragment crystallizable receptor for the treatment of graves' disease, difficult-to-treat rheumatoid arthritis, sjögren's disease, myasthenia gravis, chronic inflammatory demyelinating polyneuropathy, and cutaneous lupus erythematosus indications; batoclimab, a fully human monoclonal antibody for the treatment of thyroid eye disease; and brepocitinib, a potent small molecule inhibitor of TYK2 and JAK1 in development for the treatment of dermatomyositis, non-infectious uveitis, cutaneous sarcoidosis, and other immune-mediated diseases. The company's lead program consists of mosliciguat, an inhaled sGC activator for the treatment of pulmonary hypertension associated with interstitial lung disease and other cardiopulmonary diseases. In addition, the company offers delivery platforms comprising lipid nanoparticle (LNP) platform and ligand conjugate platform. Roivant Sciences Ltd. was founded in 2014 and is based in London, United Kingdom."
2025-11-21 23:43:37,KTH,NYSE,Income,INVESTMENT BANKING & INVESTMENT SERVICES,FINANCIALS,nano,51.51,43.84,7.67,17.5,,16.02,,,,,6.61,0.3,2.86,4.64,6.29,None
2025-11-21 23:43:37,IVVD,NASDAQ,Unclassified,Biotechnology,Healthcare,micro,51.47,,,,-5.555555555555555,12.16,-0.45,5.760369,3.29,,0.0,28.87,346.43,233.78,256.63,"Invivyd, Inc., a biopharmaceutical company, focuses on the discovery, development, and commercialization of antibody-based solutions for infectious diseases in the United States. The company's pipeline includes PEMGARDA (pemivibart) injection, a half-life extended investigational monoclonal antibody (mAb) for the prevention of COVID-19 in adults and adolescents; VYD2311, an mAb candidate, which is in preclinical studies for the prevention or treatment of COVID-19; and Adintrevimab that is in phase 2/3 clinical trials for the prevention and treatment of COVID-19. It also has discovery stage candidates for the prevention of seasonal influenza and COVID-19. The company has a collaboration agreement with Adimab, LLC for the discovery and optimization of proprietary antibodies. The company was formerly known as Adagio Therapeutics, Inc. and changed its name to Invivyd, Inc. in September 2022. Invivyd, Inc. was incorporated in 2020 and is headquartered in Waltham, Massachusetts."
2025-11-21 23:43:37,AGI,NYSE,Income/Growth Blend,Gold,Basic Materials,large,50.49,57.58,-7.09,-12.31,25.49219,19.52,1.28,3.3982503,3.58,227.0,0.31,2.42,14.93,24.47,73.48,"Alamos Gold Inc. operates as a gold producer in Canada, Mexico, and the United States. The company primarily explores for gold deposits. Alamos Gold Inc. was founded in 2003 and is based in Toronto, Canada."
2025-11-21 23:43:37,SOHO,NASDAQ,Unclassified,REIT - Hotel & Motel,Real Estate,nano,50.47,50.33,0.14,0.28,-5.292683112912062,28.92,-0.41,-0.6765625,0.85,,0.0,135.87,193.24,174.68,114.85,"Sotherly Hotels Inc. is a self-managed and self-administered lodging REIT focused on the acquisition, renovation, upbranding and repositioning of upscale to upper-upscale full-service hotels in the Southern United States. Sotherly may also opportunistically acquire hotels throughout the United States. Currently, the Company's portfolio consists of investments in ten hotel properties, comprising 2,786 rooms, as well as interests in two condominium hotels and their associated rental programs. The Company owns hotels that operate under the Hilton Worldwide and Hyatt Hotels Corporation brands, as well as independent hotels. Sotherly Hotels Inc. was organized in 2004 and is headquartered in Williamsburg, Virginia."
2025-11-21 23:43:37,KTOS,NASDAQ,Growth,Aerospace & Defense,Industrials,large,50.32,57.33,-7.01,-12.23,531.8462,36.65,0.13,5.8912745,3.7,171.9,0.0,-22.59,3.35,92.0,159.63,"Kratos Defense & Security Solutions, Inc., a technology company, provides technology, products, and system and software for the defense, national security, and commercial markets in the United States, other North America, the Asia Pacific, the Middle East, Europe, and Internationally. The company operates in two segments, Kratos Government Solutions and Unmanned Systems. It offers ground systems for satellites and space vehicles, including software for command and control, telemetry, and tracking and control; jet powered unmanned aerial drone systems, hypersonic vehicles, and rocket systems; propulsion systems for drones, missiles, loitering munitions, supersonic systems, spacecraft, and launch systems; command, control, communication, computing, combat, and intelligence surveillance and reconnaissance; and microwave electronic products for missile, radar, missile defense, space, and satellite; and counter unmanned aircraft systems, directed energy, communication and other systems, and virtual and augmented reality training systems for the warfighter. The company primarily serves national security-related agencies, the U.S. Department of Defense, intelligence and classified agencies, international government agencies, and commercial customers. Kratos Defense & Security Solutions, Inc. was incorporated in 1994 and is headquartered in San Diego, California."
2025-11-21 23:43:37,BFRIW,NASDAQ,Unclassified,Drug Manufacturers - Specialty & Generic,Healthcare,nano,50.24,53.36,-3.12,-5.85,-0.07499999907097699,21.58,-1.296,-0.43783784,2.37,,0.0,,,,0.0,"Biofrontera Inc., a biopharmaceutical company, engages in the commercialization of pharmaceutical products for the treatment of dermatological conditions in the United States. The company's products are used for the treatment of actinic keratoses, which are pre-cancerous skin lesions, as well as impetigo, a common skin infection. It offers Ameluz, a prescription drug for use in combination with the RhodoLED lamp series, for photodynamic therapy for the lesion-directed and field-directed treatment of actinic keratosis of mild-to-moderate severity on the face and scalp. The company also provides Xepi, a topical non-fluorinated quinolone that inhibits bacterial growth for the treatment of impetigo. The company was incorporated in 2015 and is headquartered in Woburn, Massachusetts."
2025-11-21 23:43:37,OPTXW,NASDAQ,Value,Electronic Components,Technology,nano,49.57,50.48,-0.91,-1.8,,34.86,,0.73308265,3.18,,0.0,,,,0.0,"Syntec Optics Holdings, Inc. manufactures and supplies integrated optics and photonics components, sub-systems, and optical systems for defense, medical, and consumer end-markets worldwide. It offers polymer-based optics; and optical assemblies, electro-optics assemblies, molded polymer and glass optic components, opto-mechanical components, nano machining, and thin films coating. The company also provides optics assembly, electro-optics assembly, design, and coating services. Syntec Optics Holdings, Inc. was founded in 1981 and is based in Rochester, New York."
2025-11-21 23:43:37,STX,NASDAQ,Income/Growth Blend,Computer Hardware,Technology,large,48.9,56.38,-7.48,-13.27,30.486523,19.75,7.79,-805.0509,2.71,80.0,1.25,4.89,45.27,112.44,144.19,"Seagate Technology Holdings plc engages in the provision of data storage technology and infrastructure solutions in Singapore, the United States, the Netherlands, and internationally. The company offers mass capacity storage products, including enterprise nearline hard disk drives (HDDs), enterprise nearline solid state drives (SSDs), enterprise nearline systems, video and image HDDs, and network-attached storage drives. It also offers legacy applications comprising Mission Critical HDDs and SSDs; external storage solutions under the Seagate Ultra Touch, One Touch, Expansion, and Basics product lines, as well as under the LaCie brand name; desktop drives for personal computers and workstation applications; notebook drives traditional notebooks, convertible systems, and external storage applications, DVR HDDs for video streaming applications, and gaming SSDs for gaming rigs. In addition, the company provides Lyve edge-to-cloud mass capacity platform, that includes modular hardware and software to support enterprises' on-premise and cloud storage infrastructure needs. It sells its products primarily to original equipment manufacturers, distributors, and retailers. The company was founded in 1978 and is based in Singapore."
2025-11-21 23:43:37,MIRM,NASDAQ,Unclassified,Biotechnology,Healthcare,mid,48.89,50.0,-1.11,-2.22,-84.48809669131325,12.16,-0.84,12.470568,3.29,,0.0,2.25,-1.17,61.3,58.66,"Mirum Pharmaceuticals, Inc., a biopharmaceutical company, focuses on the development and commercialization of novel therapies for debilitating rare and orphan diseases. Its lead product candidate is LIVMARLI (maralixibat), an orally administered and minimally absorbed ileal bile acid transporter (IBAT) inhibitor that is approved for the treatment of cholestatic pruritus in patients with Alagille syndrome in the United States and internationally. The company is also involved in the commercialization of Cholbam, a cholic acid capsule, which is approved as treatment for pediatric and adult patients with bile acid synthesis disorders due to single enzyme defects and for adjunctive treatment of patients with peroxisomal disorders, including peroxisome biogenesis disorder-Zellweger spectrum disorder and Smith-Lemli-Opitz syndrome; and Chenodal, a tablet, which is approved for the treatment of radiolucent stones in the gallbladder, and under Phase 3 development for the treatment cerebrotendinous xanthomatosis. In addition, it develops Volixibat, an oral and minimally absorbed agent designed to inhibit IBAT, currently under Phase 2b clinical trial for the treatment of adult patients with cholestatic liver diseases. The company was incorporated in 2018 and is headquartered in Foster City, California."
2025-11-21 23:43:37,DFLIW,NASDAQ,Value,Electrical Equipment & Parts,Industrials,nano,48.57,56.79,-8.22,-14.47,,26.75,,-0.29169056,2.9,,0.0,,,,0.0,"Dragonfly Energy Holdings Corp. engages in the manufacturing and sale of deep cycle lithium-ion batteries for recreational vehicles, marine vessels, solar and off-grid residence industries, and industrial and energy storage markets. It operates in two segments, direct-to-consumers and original equipment manufacturers. The company provides lithium power systems comprising solar panels, chargers and inverters, system monitoring, alternator regulators, accessories, and others. It also offers battery management systems for monitoring and controlling of battery systems, and to protect battery cells from damage in various scenarios. The company provides its products under the Dragonfly Energy, Battle Born, and Wakespeed brand names. Dragonfly Energy Holdings Corp. is headquartered in Reno, Nevada."
2025-11-21 23:43:37,IHS,NYSE,Value,Real Estate Services,Real Estate,mid,48.45,47.98,0.47,0.98,4.550725,26.88,1.38,-15.506173,1.85,,0.0,-6.55,-15.48,16.73,112.16,"IHS Holding Limited, together with its subsidiaries, develops, owns, and operates shared communications infrastructure in Nigeria, Sub-Saharan Africa, the Middle East and North Africa, and Latin America. It offers colocation and lease agreement, build-to-suit, in-building, small cell, fiber connectivity, and rural telephony solutions to mobile network operators, internet service providers, security functions, and private corporations. IHS Holding Limited was founded in 2001 and is based in London, the United Kingdom."
2025-11-21 23:43:37,PPCB,NASDAQ,Value,Biotechnology,Healthcare,nano,48.33,47.8,0.53,1.11,0.002973727,12.16,272.52,0.72292596,3.29,,0.0,-45.24,-75.95,-72.99,134966.66,"Propanc Biopharma, Inc., a development-stage biopharmaceutical healthcare company, engages in the development of cancer treatments for patients with pancreatic, ovarian, and colorectal cancers in Australia. Its lead product candidate is PRP, an intravenous injection proenzyme treatment designed as a therapeutic option in cancer treatment and prevention which has completed pre-clinical studies. The company has a research and collaboration agreement with the University of Jaén, to undertakes the research activities for the POP1 Program and the University of Granada to develop a synthetic recombinant version of PRP. The company was formerly known as Propanc Health Group Corporation and changed its name to Propanc Biopharma, Inc. in April 2017. Propanc Biopharma, Inc. was incorporated in 2007 and is based in Camberwell, Australia."
2025-11-21 23:43:37,CGAU,NYSE,Growth,Gold,Basic Materials,mid,48.16,50.52,-2.36,-4.67,7.204969,19.52,1.61,1.206072,3.58,914.8,1.72,2.84,51.24,66.91,88.92,"Centerra Gold Inc. engages in the acquisition, exploration, development, and operation of gold and copper properties in North America, Turkey, and internationally. It also explores for molybdenum deposits. The company's principal assets include the Mount Milligan gold-copper mine located in British Columbia, Canada; and the Öksüt gold mine located in Türkiye. It also owns the Kemess project in British Columbia, Canada; the Goldfield District project in Nevada, United States; owns and operates a Molybdenum BU, which includes the Langeloth metallurgical processing facility that operates in Pennsylvania; and the Thompson Creek Mine in Idaho; and 75% owned the Endako Mine in British Columbia, Canada. Centerra Gold Inc. was incorporated in 2002 and is headquartered in Toronto, Canada."
2025-11-21 23:43:37,FSM,NYSE,Growth,Gold,Basic Materials,mid,48.1,49.77,-1.67,-3.36,9.797619,19.52,0.84,1.5604852,3.58,144.70000000000002,0.0,0.24,9.88,40.92,65.59,"Fortuna Mining Corp. engages in the precious and base metal mining and related activities in Argentina, Burkina Faso, Côte d'Ivoire, Mexico, Peru, and Senegal. The company operates through Mansfield, Sanu, Sango, Cuzcatlan, and Bateas segments. It operates the Lindero gold mine, the Yaramoko gold mine, the Séguéla gold mine, and the San Jose silver-gold mine, as well as the Caylloma silver, lead, and zinc mine. The company was formerly known as Fortuna Silver Mines Inc. and changed its name to Fortuna Mining Corp. in June 2024. Fortuna Mining Corp. was incorporated in 1990 and is based in Vancouver, Canada."
2025-11-21 23:43:37,VICR,NASDAQ,Growth,Electronic Components,Technology,mid,47.87,51.21,-3.34,-6.52,46.357143,34.86,1.82,5.9815674,3.18,144.9,0.0,-9.26,66.41,102.47,52.57,"Vicor Corporation, together with its subsidiaries, designs, develops, manufactures, and markets modular power components and power systems for converting electrical power for use in electrically-powered devices. The company offers a range of brick-format DC-DC converters; complementary components that provide AC line rectification, input filtering, power factor correction, and transient protection; and input and output voltage, and output power products, as well as sells electrical and mechanical accessories. It also designs, sells, and services custom power system solutions. The company serves independent manufacturers of electronic devices, original equipment manufacturers, and their contract manufacturers in the aerospace and aviation, defense electronics, satellites, factory automation, instrumentation, test equipment, transportation, telecommunications and networking infrastructure, and vehicle markets. It operates in the United States, Europe, the Asia Pacific, and internationally. Vicor Corporation was incorporated in 1981 and is headquartered in Andover, Massachusetts."
2025-11-21 23:43:37,YQ,NASDAQ,Unclassified,Education & Training Services,Consumer Defensive,nano,47.8,48.07,-0.27,-0.56,-2.2217193879692805,21.04,-2.21,0.13112564,1.9,,0.0,-21.19,150.51,147.98,158.42,"17 Education & Technology Group Inc., an education technology company, provides education and education technology services in the People's Republic of China. The company offers teaching and learning SaaS products, such as classroom solutions, question banks, homework assignments, self-directed learning, and multi-role reporting, etc. for regional educational authorities and schools. It also provides other educational products and services, including membership-based premium educational content subscriptions to its selected educational contents, light courses, Chinese reading, math oral arithmetic, reading machines, study plans, and associated services. 17 Education & Technology Group Inc. was incorporated in 2012 and is headquartered in Beijing, the People's Republic of China."
2025-11-21 23:43:37,GIFI,NASDAQ,Growth,Metal Fabrication,Industrials,micro,47.73,47.65,0.08,0.17,21.41818,28.92,0.55,1.9986427,1.59,-32.7,0.0,52.2,76.08,86.98,69.74,"Gulf Island Fabrication, Inc., together with its subsidiaries, operates as a fabricator of steel structures and modules in the United States. It operates through Services, Fabrication, and Shipyard divisions. The company offers maintenance, repair, construction, scaffolding, coatings, welding enclosures, cleaning and environmental, and other specialty services on offshore platforms, inland structures, and industrial facilities; hookup and civil construction services; services required to connect production equipment and service modules and equipment on offshore platforms; project management and commissioning services; and undertake municipal and drainage projects, including pump stations, levee reinforcement, bulkheads, and other public works. It also provides fabricates modules, skids and piping systems for onshore refining, petrochemical, LNG, and industrial facilities and offshore facilities; fabricates foundations, secondary steel components, and support structures for alternative energy developments and coastal mooring facilities; fabricates offshore production platforms and associated structures, including jacket foundations, piles and topsides for fixed production and utility platforms, as well as hulls and topsides for floating production and utility platforms; and fabricates other complex steel structures and components. In addition, the company fabricates newbuild marine vessels; provides marine repair and maintenance services. It serves international energy producers; refining, petrochemical, LNG, industrial, and power operators; and engineering, procurement, and construction companies. The company was incorporated in 1985 and is headquartered in The Woodlands, Texas."
2025-11-21 23:43:37,SBSW,NYSE,Unclassified,Other Precious Metals & Mining,Basic Materials,mid,47.26,47.38,-0.12,-0.25,-38.24137983650997,29.41,-0.29,0.77753633,3.1,,0.0,-0.54,32.66,80.62,162.8,"Sibanye Stillwater Limited, together with its subsidiaries, operates as a precious metals mining company in South Africa, the United States, Europe, and Australia. The company produces gold; platinum group metals (PGMs), including palladium, platinum, rhodium, iridium, and ruthenium; chrome; lithium; zinc; nickel; and silver, cobalt, and copper. Sibanye Stillwater Limited was founded in 2013 and is headquartered in Weltevredenpark, South Africa."
2025-11-21 23:43:37,CIB,NYSE,Income,Banks - Regional,Financial Services,mid,47.2,51.43,-4.23,-8.22,7.3836784,11.75,8.21,0.0013654849,1.04,42.8,25.15,8.56,22.12,45.83,132.1,"Grupo Cibest S.A., together with its subsidiaries, provides various banking products and services in Colombia and internationally. It offers checking and savings accounts, money market accounts, time deposits, fixed term deposits, and investment products; trade financing, loans funded by domestic development banks, working capital loans, mortgage, credit cards, personal and vehicle loans, payroll loans, and overdrafts; factoring; and financial and operating leasing services. The company also provides hedging instruments, including futures, forwards, options, and swaps; and brokerage, investment advisory, and private banking services comprising selling and distributing equities, futures, foreign currencies, fixed income securities, mutual funds, and structured products. In addition, it offers cash management services; foreign currency and trade finance solutions; letters of credit and bills collection; bancassurance and insurance products; telephone and mobile phone banking services; and ATM network, online and computer banking services. Further, the company provides project and acquisition finance, loan syndication, corporate loans, debt and equity capital markets, principal investments, mergers and acquisition, hedging strategy advisories, restructurings, and structured financing; mutual and pension funds, private equity funds, payment and corporate trust, and custody; internet-based trading platform; inter-bank lending and repurchase agreements; managing escrow accounts, and investment and real estate funds; credit cards; roadside and medical assistance services; and transportation, maintenance and remodeling, and outsourcing services, as well as provides technology services. Grupo Cibest S.A. was formerly known as Bancolombia S.A. and changes its name to Grupo Cibest S.A. in May 2025. The company was founded in 1875 and is headquartered in Medellín, Colombia."
2025-11-21 23:43:37,MD,NYSE,Growth,Medical Care Facilities,Healthcare,small,46.91,47.07,-0.16,-0.34,12.094241,17.84,1.91,2.1821272,2.74,268.8,0.0,34.54,35.4,70.35,54.41,"Pediatrix Medical Group, Inc., together with its subsidiaries, provides newborn, maternal-fetal, and other pediatric subspecialty care services in the United States. It offers neonatal care services, such as clinical care to babies born prematurely or with complications within specific units at hospitals through neonatal physician subspecialists, neonatal nurse practitioners, and other pediatric clinicians. The company also provides maternal-fetal care services, including inpatient and office-based clinical care to expectant mothers and unborn babies through affiliated maternal-fetal medicine subspecialists, as well as obstetricians and other clinicians, including maternal-fetal medicine nurse practitioners, certified nurse mid-wives, sonographers, and genetic counselors. In addition, it offers other pediatric subspecialty care services, such as pediatric intensivists, pediatric hospitalists, pediatric surgeons, and other newborn and pediatric care, as well as newborn hearing screening, and support services in hospitals, pediatric emergency rooms, labor and delivery areas, and nursery and pediatric departments. The company was formerly known as MEDNAX, Inc. and changed its name to Pediatrix Medical Group, Inc. in July 2022. Pediatrix Medical Group, Inc. was founded in 1979 and is based in Sunrise, Florida."
2025-11-21 23:43:37,IAG,NYSE,Growth,Gold,Basic Materials,mid,46.8,50.13,-3.33,-6.64,22.59649,19.52,0.57,2.0777545,3.58,-76.5,0.0,6.98,45.87,91.38,125.96,"IAMGOLD Corporation, through its subsidiaries, operates as a gold producer and developer in Canada and Burkina Faso. The company owns 100% interest in the Westwood project that covers an area of 1,925 hectare and located in Quebec; 60% interest in the Côté gold project, which covers an area of 596 square kilometer located in Ontario, Canada; and 90% interests in the Essakane project that covers an area of 274,000 square kilometer situated in Burkina Faso. IAMGOLD Corporation was incorporated in 1990 and is headquartered in Toronto, Canada."
2025-11-21 23:43:37,CAH,NYSE,Income/Growth Blend,Medical Distribution,Healthcare,large,46.78,,,,31.643505,28.96,6.62,-17.31669,3.09,8.200000000000001,0.98,31.62,43.91,38.01,74.4,"Cardinal Health, Inc. operates as a healthcare services and products company in the United States and internationally. It operates in two segments: Pharmaceutical and Specialty Solutions, and Global Medical Products and Distribution. The company provides customized solutions for hospitals, healthcare systems, pharmacies, ambulatory surgery centers, clinical laboratories, physician offices, and patients in the home. It distributes branded and generic pharmaceutical, specialty pharmaceutical, and over-the-counter healthcare and consumer products. The company also provides services to pharmaceutical manufacturers and healthcare providers for specialty pharmaceutical products; pharmacy management services to hospitals; operates pharmacies, including pharmacies in community health centers; and repackages generic pharmaceuticals and over-the-counter healthcare products. In addition, it manufactures, sources, and distributes Cardinal Health branded medical, surgical, and laboratory products and devices that include exam and surgical gloves; needles, syringe, and sharps disposals; compression, incontinence, nutritional delivery, and wound care products; single-use surgical drapes, gowns, and apparel products; fluid suction and collection systems; urology products; operating room supply products; and electrode product lines. Further, the company distributes a range of national brand products, including medical, surgical, and laboratory products; provides supply chain services and solutions to hospitals, ambulatory surgery centers, clinical laboratories, and other healthcare providers; and assembles and sells sterile and non-sterile procedure kits. Additionally, it manufactures, prepares, and delivers radiopharmaceuticals; and optimizes direct shipments through integrated technology solutions. The company was incorporated in 1979 and is headquartered in Dublin, Ohio."
2025-11-21 23:43:37,CDE,NYSE,Growth,Gold,Basic Materials,large,46.62,52.49,-5.87,-11.18,19.704226,19.52,0.71,2.9042974,3.58,447.49999999999994,0.0,-26.29,15.24,79.13,112.94,"Coeur Mining, Inc. operates as a gold and silver producer in the United States, Canada, and Mexico. It operates through Palmarejo, Rochester, Kensington, Wharf, Silvertip, and Las Chispas segments. The company explores for gold, silver, zinc, lead, and other related metals. It markets and sells its concentrates to third-party customers, including refiners and smelters, under off-take agreements. The company was formerly known as Coeur d'Alene Mines Corporation and changed its name to Coeur Mining, Inc. in May 2013. Coeur Mining, Inc. was incorporated in 1928 and is headquartered in Chicago, Illinois."
2025-11-21 23:43:37,DAVE,NASDAQ,Growth,Software - Application,Technology,mid,46.52,47.76,-1.24,-2.6,19.237154,27.9,10.12,9.024243,3.58,19657.9,0.0,-19.21,-1.68,-1.34,125.69,"Dave Inc. provides various financial products and services through its financial services platform in the United States. The company offers Budget, personal financial management tool that helps members with budgeting, and managing income and expenses; ExtraCash, a short-term liquidity alternative, which allows members to advance funds to their account through automated clearing house network and avoid a fee; Side Hustle, a job application portal to find supplemental or temporary work; and Surveys, which allows member to take paid surveys within the Dave mobile application. It also provides Dave Banking, a digital checking and demand deposit account. Dave Inc. was founded in 2015 and is headquartered in Los Angeles, California."
2025-11-21 23:43:37,ARGX,NASDAQ,Growth,Biotechnology,Healthcare,large,46.32,,,,39.23655,12.16,23.42,9.220642,3.29,276.6,0.0,13.14,35.67,56.38,51.66,"argenx SE, a commercial-stage biopharma company, develops various therapies for the treatment of autoimmune diseases in the United States, Japan, China, the Netherlands, and internationally. The company offers VYGART and VYGART HYTRULO to treat generalized myasthenia gravis (gMG), immune thrombocytopenia (ITP), and chronic inflammatory demyelinating polyneuropathy (CIDP). It also develops efgartigimod for the treatment of seronegative and ocular gMG, thyroid eye diseases, ITP, myositis, Sjögren's disease, lupus nephropathy, systemic sclerosis, antibody-mediated rejection, and autoimmune encephalitis; empasiprubart for multifocal motor neuropath, CIDP, delayed graft function, and dermatomyositis; and ARGX-119 for congenital myasthenic syndrome, amyotrophic lateral sclerosis, and spinal muscular atrophy. In addition, the company is also developing ARGX-119, a MuSK agonist to treat congenital myasthenic syndromes and amyotrophic lateral sclerosis; ARGX-109, which targets IL-6 to treat inflammation; ARGX-121 and ARGX 220 that targets the immune system; ARGX-213, which targets FcRn; and ARGX-118, which develops antibodies against Galectin-10, as well as cusatuzumab, ARGX-112, ARGX-114, and ARGX-115. It has strategic collaborations with OncoVerity, Inc, LEO Pharma A/S, Zai Lab Limited, AbbVie, Inc., Elektrofi, Genmab SE, Chugai Pharmaceutical Co., Ltd., Clayton Foundation, Halozyme Therapeutics, Inc., AgomAb Therapeutics NV, Broteio Pharma B.V., VIB vzw, University of Texas, BioWa, Inc., Lonza Sales AG, Université Catholique de Louvain, Sopartec S.A., NYU Langone Health, Leiden University Medical Center, and IQVIA Ltd. argenx SE was incorporated in 2008 and is based in Amsterdam, the Netherlands."
2025-11-21 23:43:37,TARA,NASDAQ,Unclassified,Biotechnology,Healthcare,micro,45.43,,,,-5.223021747397005,12.16,-1.39,2.1178532,3.29,,0.0,40.7,138.03,131.95,203.77,"Protara Therapeutics, Inc., a clinical-stage biopharmaceutical company, engages in advancing transformative therapies for the treatment of cancer and rare diseases. The company's lead program is TARA-002, an investigational cell therapy, which is in Phase II clinical trial for the treatment of non-muscle invasive bladder cancer and lymphatic malformations. It is also developing intravenous choline chloride, an investigational phospholipid substrate replacement therapy for patients receiving parenteral nutrition and fluids. The company is headquartered in New York, New York."
2025-11-21 23:43:37,ELTX,NASDAQ,Unclassified,Biotechnology,Healthcare,micro,45.14,47.49,-2.35,-4.95,-2.717041739313549,12.16,-3.11,38.235294,3.29,,0.0,-11.05,-23.39,49.29,71.4,"Elicio Therapeutics, Inc., a clinical-stage biotechnology company, develops immunotherapies for the treatment of cancer. Its lead product candidate is ELI-002, a multivalent lymph nodetargeted amphiphile (AMP) peptide vaccine that is in Phase II clinical trial to target seven Kirsten rat sarcoma viral oncogene homolog driver mutations. The company also develops ELI-007, a multivalent lymph nodetargeted AMP peptide vaccine in preclinical studies for the treatment of mutant b-raf murine sarcoma viral oncogene homolog B1-driven cancers; and ELI-008, a multivalent lymph nodetargeted AMP peptide vaccine in preclinical studies for use in the treatment of mutated tumor protein p53 expressing cancers. Elicio Therapeutics, Inc. is headquartered in Boston, Massachusetts."
2025-11-21 23:43:37,HL,NYSE,Income/Growth Blend,Other Precious Metals & Mining,Basic Materials,mid,44.31,49.38,-5.07,-10.27,43.16129,29.41,0.31,3.6607387,3.1,5619.8,0.11,3.48,70.23,162.49,142.89,"Hecla Mining Company, together with its subsidiaries, provides precious and base metals in the United States, Canada, Japan, Korea, and China. The company mines for silver, gold, lead, and zinc concentrates, as well as carbon material containing silver and gold for custom smelters, metal traders, and third-party processors; and doré containing silver and gold. Its flagship project is the Greens Creek mine located on Admiralty Island in southeast Alaska. The company was incorporated in 1891 and is headquartered in Coeur d'Alene, Idaho."
2025-11-21 23:43:37,DAVEW,NASDAQ,Unclassified,Software - Application,Technology,nano,44.03,50.87,-6.84,-13.45,-3.4951457699525705,27.9,-0.206,0.033375055,3.58,19657.9,0.0,,,,0.0,"Dave Inc. provides various financial products and services through its financial services platform in the United States. The company offers Budget, personal financial management tool that helps members with budgeting, and managing income and expenses; ExtraCash, a short-term liquidity alternative, which allows members to advance funds to their account through automated clearing house network and avoid a fee; Side Hustle, a job application portal to find supplemental or temporary work; and Surveys, which allows member to take paid surveys within the Dave mobile application. It also provides Dave Banking, a digital checking and demand deposit account. Dave Inc. was founded in 2015 and is headquartered in Los Angeles, California."
2025-11-21 23:43:37,TVTX,NASDAQ,Unclassified,Biotechnology,Healthcare,mid,43.97,43.71,0.26,0.59,-33.67961031719319,12.16,-1.03,42.201942,3.29,,0.0,23.23,101.33,119.0,90.08,"Travere Therapeutics, Inc., a biopharmaceutical company, identifies, develops, and delivers therapies to people living with rare kidney and metabolic diseases in the United States. The company's products include FILSPARI (sparsentan), a once-daily, oral medication designed to target two critical pathways in the disease progression of IgA Nephropathy (endothelin 1 and angiotensin-II); and Thiola and Thiola EC (tiopronin tablets) for the treatment of cystinuria, a rare genetic cystine transport disorder that causes high cystine levels in the urine and the formation of recurring kidney stones. Its clinical-stage programs consist of Sparsentan, a novel investigational product candidate, which has been granted Orphan Drug Designation for the treatment of focal segmental glomerulosclerosis in the U.S. and Europe; and Pegtibatinase (TVT-058), a novel investigational human enzyme replacement candidate being evaluated for the treatment of classical homocystinuria. It has a collaboration agreement with PharmaKrysto Limited for the pre-clinical activities associated with the cystinuria program. The company was formerly known as Retrophin, Inc. and changed its name to Travere Therapeutics, Inc. in November 2020. Travere Therapeutics, Inc. was incorporated in 2008 and is headquartered in San Diego, California."
2025-11-21 23:43:37,LIXT,NASDAQ,Unclassified,Biotechnology,Healthcare,nano,43.89,42.99,0.9,2.09,-3.652542324389442,12.16,-1.18,10.410627,3.29,,0.0,-0.46,31.0,226.52,164.42,"Lixte Biotechnology Holdings, Inc., a clinical-stage biopharmaceutical company, focuses on identifying targets for cancer drug development, and developing and commercializing cancer therapies. Its lead product candidate, LB-100 is in phase 1b clinical trials combined with Atezolizumab for patients with microsatellite stable metastatic colorectal cancer. The company's LB-100 combined with doxorubicin in advanced soft tissue sarcoma is under Phase 1b portion; and LB-100 combined with dostarlimab that is in phase 1b/2 for ovarian clear cell carcinoma. The company has a clinical trial research agreement with the Netherlands Cancer Institute; collaboration agreement for an investigator-initiated clinical trial with the Spanish Sarcoma Group; and a development collaboration agreement with the Netherlands Cancer Institute. Lixte Biotechnology Holdings, Inc. was founded in 2005 and is based in Pasadena, California."
2025-11-21 23:43:37,KNSA,NASDAQ,Growth,Drug Manufacturers - Specialty & Generic,Healthcare,mid,43.56,41.1,2.46,5.99,92.40001,21.58,0.45,5.8579884,2.37,,0.0,7.25,25.85,54.63,95.39,"Kiniksa Pharmaceuticals International, plc, a biopharmaceutical company, developing and commercializing novel therapies for diseases with unmet need and focuses on cardiovascular indications worldwide. Its product candidates include ARCALYST, an interleukin-1alpha and interleukin-1beta, for the treatment of recurrent pericarditis, which is an inflammatory cardiovascular disease; Vixarelimab, a monoclonal antibody, that is in Phase 2b clinical trial for the treatment of prurigo nodularis, a chronic inflammatory skin condition; and KPL-387, an investigational, that is in Phase 2/3 clinical trial for human immunoglobulin G2 monoclonal antibody that binds human interleukin-1 receptor 1, inhibiting IL-1a, IL-1ß-mediated signaling for the treatment of advance recurrent pericarditis by providing the added convenience of monthly subcutaneous dosing with a liquid formulation. Its preclinical products include KPL-116, a Fc-modified immunoglobulin G2 monoclonal antibody. The company was formerly known as Kiniksa Pharmaceuticals, Ltd and changed its name tpKiniksa Pharmaceuticals International, plc in June 2024. The company was incorporated in 2015 and is based in London, the United Kingdom."
2025-11-21 23:43:37,GFI,NYSE,Income,Gold,Basic Materials,large,43.29,48.59,-5.3,-10.91,18.397131,19.52,2.09,5.65774,3.58,163.9,2.01,-6.67,18.93,66.52,156.94,"Gold Fields Limited operates as a gold producer with reserves and resources in Australia, South Africa, Ghana, Peru, Chile, and Canada. It also explores for copper and silver deposits. Gold Fields Limited was founded in 1887 and is based in Sandton, South Africa."
2025-11-21 23:43:37,IMRX,NASDAQ,Unclassified,Biotechnology,Healthcare,micro,43.21,39.37,3.84,9.75,-4.078212397058583,12.16,-1.79,2.03286,3.29,,0.0,29.66,22.69,374.03,247.62,"Immuneering Corporation, a clinical-stage oncology company, engages in the development of medicines for broad populations of cancer patients. Its lead product candidates include IMM-1-104, a dual-MEK inhibitor currently under Phase 1/2a clinical trial to treat patients with cancer, including pancreatic, melanoma, and non-small cell lung cancer caused by mutations of RAS and/or RAF; and IMM-6-415 that is in Phase 1/2a clinical trial for the treatment of patients with solid tumors. Immuneering Corporation was incorporated in 2008 and is based in Cambridge, Massachusetts."
2025-11-21 23:43:37,SPRB,NASDAQ,Unclassified,Biotechnology,Healthcare,nano,43.12,43.33,-0.21,-0.48,-1.216826978792444,12.16,-86.29,10.985562,3.29,,0.0,-19.18,1220.75,-70.37,-96.14,"Spruce Biosciences, Inc. is a biopharmaceutical company focused on developing and commercializing novel therapies for neurological disorders. The company develops TA-ERT, a fusion protein comprised of recombinant human alpha-N-acetylglucosaminidase, which is an enzyme replacement therapy for patients with Sanfilippo Syndrome Type B. It also develops Tildacerfont for treating a highly debilitating mental disorder characterized by depressed mood with cognitive-affective and somatic changes, including anhedonia, weight alterations, and altered sleeping patterns. In addition, the company develops SPR202 for the treatment of Congenital Adrenal Hyperplasia (CAH), a chronic and potentially life-threatening rare disease with no cure, and SPR204, a monoclonal antibody antagonist for Post-Bariatric Hypoglycemia. The company has a license agreement with Eli Lilly and Company to research, develop, and commercialize various pharmaceutical compounds. It also has a collaboration and license agreement with Kaken Pharmaceutical Co. Ltd. to develop, manufacture, and commercialize Tildacerfont for the treatment of CAH in Japan. Spruce Biosciences, Inc. was incorporated in 2014 and is headquartered in South San Francisco, California."
2025-11-21 23:43:37,SOFI,NASDAQ,Growth,Credit Services,Financial Services,large,42.89,48.26,-5.37,-11.13,44.982143,10.31,0.56,3.4558926,1.3,129.5,0.0,-10.29,-3.67,92.44,61.47,"SoFi Technologies, Inc. provides various financial services in the United States, Latin America, Canada, and Hong Kong. It operates through three segments: Lending, Technology Platform, and Financial Services. The company offers lending and financial services and products that allows its members to borrow, save, spend, invest, and protect money; and personal loans, student loans, home loans, and related services. The company also operates Galileo, a technology platform that offers services to financial and non-financial institution; and Technisys, a cloud-native digital and core banking platform that provides software licenses and associated services, including implementation and maintenance. In addition, it provides SoFi Money offers checking and savings accounts, and cash management products; and SoFi Invest, a mobile-first investment platform that offers access to trading and advisory solutions, such as investing and robo-advisory. Further, the company offers SoFi Credit Card that provides cash back rewards on every purchase; Sofi Relay, a personal finance management product that allows to track all of their financial accounts comprising credit score and spending behaviors; SoFi Protect which offers insurance product; SoFi Travel, an application that manages travel search and booking experience; SoFi At Work provides financial benefits to employees, including student loan payments made on their employees' behalf; Lantern Credit, a financial services marketplace platform for seeking alternative products and provide product comparisons; and other lending as a service that offers pre-qualified borrower referrals and offers loans to third-party partner. The company was founded in 2011 and is based in San Francisco, California."
2025-11-21 23:43:37,BNR,NASDAQ,Unclassified,Diagnostics & Research,Healthcare,micro,42.5,,,,-8.189655172413794,33.51,-1.74,0.2640209,3.08,,0.0,35.71,65.7,338.46,154.46,"Burning Rock Biotech Limited develops and sells cancer therapy selection tests in the People's Republic of China and the United States. It operates in three segments: Central Laboratory Business, In-Hospital Business, and Pharma Research and Development Services. The company offers next-generation sequencing (NGS)-based tissue, liquid biopsy cancer therapy selection, and prognosis prediction tests for various cancer types, including lung cancer, gastrointestinal cancer, prostate cancer, breast cancer, lymphomas, thyroid cancer, colorectal cancer, ovarian cancer, pancreatic cancer, and bladder cancer using tissue and liquid biopsy samples. Its key products include OncoScreen Focus, a multi-gene tumor mutation co-detection test kit for non-small cell lung cancer (NSCLC) patients; OncoScreen Plus, a pan-cancer test for tissue samples; OncoCompass Plus, a corresponding test for liquid biopsy samples; OncoCompass Target, a ctDNA liquid biopsy-based test for NSCLC; and ColonCore for assessing microsatellite loci related to MSI status and detecting mutations in genes associated with gastrointestinal cancers. The company also provides CanCatch, a pre-operative ctDNA detection and post-operative minimal residual disease calling for relapsed patients; OncoMaster, an automatic NGS data analysis and report interpretation machine; as well as Magnis BR-customized version of its key products. In addition, it engages in the facilitation of laboratory equipment sales and sales of reagent kits. The company has a development and commercialization agreement with Myriad Genetics, Inc. to in-license Myriad myChoice tumor testing in China; and collaborations on clinical trials and research studies with AstraZeneca, Bayer, Johnson & Johnson, CStone, BeiGene, Abbisko Therapeutics, IMPACT Therapeutics, Boehringer Ingelheim, and Merck KGaA. Burning Rock Biotech Limited was founded in 2014 and is headquartered in Guangzhou, the People's Republic of China."
2025-11-21 23:43:37,FCRX,NYSE,Growth,,,small,42.36,41.59,0.77,1.85,176.47887,4.92,0.142,1.29986,,-53.5,6.7,0.27,1.28,3.71,7.61,"Crescent Capital BDC, Inc. is as a business development company is a private equity / buyouts and loan fund. It specializes in directly investing. It specializes in middle market. The fund seeks to invest in United States."
2025-11-21 23:43:37,CGTX,NASDAQ,Unclassified,Biotechnology,Healthcare,micro,42.33,,,,-2.957446778074224,12.16,-0.47,3.357488,3.29,,0.0,-18.24,-56.29,368.01,224.77,"Cognition Therapeutics, Inc., a clinical-stage biopharmaceutical company, engages in the discovery and development of small molecule therapeutics targeting age-related degenerative diseases and disorders of the central nervous system and retina. Its lead product candidate is CT1812, an orally delivered molecule modulator designed to penetrate the blood-brain barrier and bind selectively to the S2R complex, which is in Phase 2 clinical trial for the treatment of Alzheimer's disease, as well as geographic atrophy secondary to dry age-related macular degeneration and synucleinopathies, such as dementia with Lewy bodies. Cognition Therapeutics, Inc. was incorporated in 2007 and is based in Purchase, New York."
2025-11-21 23:43:37,RPRX,NASDAQ,Growth,Biotechnology,Healthcare,large,42.13,42.93,-0.8,-1.86,22.24,12.16,1.75,2.6031702,3.29,-47.0,2.26,6.21,8.74,21.34,50.97,"Royalty Pharma plc operates as a buyer of biopharmaceutical royalties and a funder of innovation in the biopharmaceutical industry in the United States. Its portfolio consists of royalties on approximately 35 marketed therapies and 14 development-stage product candidates that address various therapeutic areas, such as rare disease, cancer, neuroscience, infectious disease, hematology, and diabetes. The company was founded in 1996 and is based in New York, New York."
2025-11-21 23:43:37,SKE,NYSE,Unclassified,Other Industrial Metals & Mining,Basic Materials,mid,41.92,,,,-25.550723421400875,16.4,-0.69,23.792171,2.86,,0.0,4.69,15.0,43.45,88.76,"Skeena Resources Limited engages in the exploration and development of mineral properties in Canada. The company explores for gold, silver, and copper deposits. Its flagship property is the Eskay Creek project, which consists of 51 mineral claims and eight mineral leases covering an area of approximately 7,666.02 hectares located in the Golden Triangle region of British Columbia. The company was formerly known as Prolific Resources Ltd. and changed its name to Skeena Resources Limited in June 1990. Skeena Resources Limited was incorporated in 1979 and is based in Vancouver, Canada."
2025-11-21 23:43:37,ESE,NYSE,Income/Growth Blend,Scientific & Technical Instruments,Technology,mid,41.85,45.1,-3.25,-7.21,48.10268,36.09,4.48,5.548832,3.23,-10.100000000000001,0.15,-1.64,11.27,20.89,44.96,"ESCO Technologies Inc. provides engineered filtration and fluid control products, and integrated propulsion systems. Its Aerospace & Defense segment provides filtration products, such as hydraulic filter elements and fluid control devices used in commercial aerospace; filter mechanisms used in micro-propulsion devices for satellites; custom designed filters for manned aircraft and submarines; elastomeric-based signature reduction solutions for U.S. naval vessels; and mission-critical bushings, pins, sleeves, and precision-tolerance machined components for landing gear, rotor heads, engine mounts, flight controls, and actuation systems for aerospace and defense industries. The company's Utility Solutions Group segment offers diagnostic testing solutions that enable electric power grid operators to assess the integrity of high-voltage power delivery equipment; and decision support tools for the renewable energy industry. Its RF Test & Measurement segment provides products and systems to measure and control RF and acoustic energy for research and development, regulatory compliance, and medical and security applications; and turnkey systems, such as RF test facilities and measurement systems, acoustic test enclosures, RF and magnetically shielded rooms, and secure communication facilities. This segment also supplies RF absorptive materials, filters, antennas, field probes, test cells, proprietary measurement software, and other test accessories; and offers calibration and product tests, feedthrough capacitors, high current power, telephone, data and control line filters, and high-altitude electromagnetic protection filters. The company also offers human machine interface, positioning and tracking, communications and networking, and electronic equipment and instruments. It distributes its products through distributors, sales representatives, direct sales teams, and in-house sales personnel. The company was incorporated in 1990 and is based in Saint Louis, Missouri."
2025-11-21 23:43:37,TVE,NYSE,Income,ELECTRICAL UTILITIES & IPPS,UTILITIES,nano,41.68,44.0,-2.32,-5.27,,,,,,,4.19,0.96,2.24,5.61,9.91,"Tennessee Valley Authority (TVE) is a federally owned corporation pivotal to the energy infrastructure of the Tennessee Valley, based in Knoxville, Tennessee. It operates a diversified energy portfolio comprising hydroelectric, nuclear, and fossil fuel generation, while also leading the charge in sustainable and renewable energy initiatives aimed at maintaining reliability and affordability. In addition to its core mission of providing electricity, TVA is committed to economic development and environmental stewardship, fostering innovation to improve the quality of life in its service areas. As a key player in the energy sector, TVA is well-positioned to adapt to the evolving energy landscape and meet the demands of its stakeholders."
2025-11-21 23:43:37,FINS,NYSE,Value,Asset Management,Financial Services,small,41.5,46.39,-4.89,-10.54,6.951351,12.17,1.85,0.9303335,0.96,,10.73,-0.74,-0.32,3.08,12.69,None
2025-11-21 23:43:37,EMF,NYSE,Income,Asset Management,Financial Services,nano,41.29,47.41,-6.12,-12.91,4.928571,12.17,3.36,0.95866615,0.96,94.6,5.31,-2.76,7.85,26.95,44.03,"Templeton Emerging Markets Fund is a closed-ended equity mutual fund launched by Franklin Resources Inc. The fund is managed by Templeton Asset Management Ltd. It invests in the public equity markets of emerging market countries across the globe. The fund seeks to invest in stocks of companies operating across diversified sectors. It primarily invests in value stocks of companies. The fund employs fundamental analysis with a focus on such factors as long-term earnings, asset value, and cash flow potential to create its portfolio. It benchmarks the performance of its portfolio against the MSCI Emerging Markets Index. Templeton Emerging Markets Fund was formed on February 26, 1987 and is domiciled in the United States."
2025-11-21 23:43:37,SOPH,NASDAQ,Unclassified,Health Information Services,Healthcare,micro,41.17,,,,-3.4656488258420053,55.32,-1.31,5.0783,2.09,,0.0,10.19,31.59,59.3,41.87,"SOPHiA GENETICS SA operates as a cloud-native software technology company in the healthcare space. It offers SOPHiA DDM platform, a cloud-native software platform for analyzing data and generating insights from multimodal data sets and diagnostic modalities. Its SOPHiA DDM platform and related solutions, applications, products, and services are used by hospitals, laboratories, and biopharmaceutical companies through its own sales force as well as distributors and industry collaborators in Switzerland, France, Italy, rest of Europe, North America, the United States, Latin America, and the Asia-pacific. SOPHiA GENETICS SA was incorporated in 2011 and is based in Rolle, Switzerland."
2025-11-21 23:43:37,GLTO,NASDAQ,Unclassified,Biotechnology,Healthcare,nano,40.81,50.62,-9.81,-19.38,-1.3848059833000554,12.16,-12.11,3.3386426,3.29,,0.0,102.29,393.24,460.87,198.4,"Galecto, Inc., a clinical-stage biotechnology company, develops molecule therapeutics for the treatment of fibrosis, cancer, inflammation, and other related diseases. The company develops GB3226, a preclinical small molecule dual inhibitor of ENL-YEATS and FLT3 and GB1211, an oral small molecule inhibitor of galectin-3 to treat multiple types of oncology and liver disease indications. Galecto, Inc. was founded in 2011 and is headquartered in Copenhagen, Denmark."
2025-11-21 23:43:37,TLPH,NASDAQ,Unclassified,Drug Manufacturers - Specialty & Generic,Healthcare,nano,40.8,,,,-3.526315877312108,21.58,-0.38,3.1828978,2.37,,0.0,17.54,135.09,162.75,91.43,"Talphera, Inc., a specialty pharmaceutical company, focuses on the development and commercialization of therapies for use in medically supervised settings. The company's lead product candidate is Niyad, a lyophilized formulation of nafamostat, which is under an investigational device exemption as an anticoagulant for the extracorporeal circuit. It is also developing LTX-608, a nafamostat formulation for direct IV infusion as an investigational product for various indications, such as antiviral, acute respiratory distress syndrome, disseminated intravascular coagulation, and acute pancreatitis, as well as Fedsyra and phenylephrine ready-to-use pre-filled syringe product candidates. The company was formerly known as AcelRx Pharmaceuticals, Inc. and changed its name to Talphera, Inc. in January 2024. The company was incorporated in 2005 and is based in San Mateo, California."
2025-11-21 23:43:37,ASND,NASDAQ,Unclassified,Biotechnology,Healthcare,large,40.77,37.8,2.97,7.86,-47.838637612082735,12.16,-4.4,-73.882065,3.29,,0.0,4.72,10.57,29.93,62.15,"Ascendis Pharma A/S, operates as a biopharmaceutical company that focuses on developing TransCon-based therapies for unmet medical needs in Denmark, rest of Europe, North America, and internationally. The company offers SKYTROFA for treating pediatric patients with growth hormone deficiency; and YORVIPATH, a once-daily subcutaneous injection for the treatment of adults with chronic hypoparathyroidism. It is also developing a pipeline of three independent endocrinology rare disease product candidates in clinical development, as well as focuses on advancing oncology therapeutic candidates. The company was incorporated in 2006 and is based in Hellerup, Denmark."
2025-11-21 23:43:37,ONC,NASDAQ,Growth,Biotechnology,Healthcare,large,40.67,44.29,-3.62,-8.17,668.6923,12.16,0.52,9.31526,3.29,,0.0,12.16,12.67,44.03,82.52,"BeOne Medicines AG, an oncology company, engages in discovering and developing various treatments for cancer patients in the United States, China, Europe, and internationally. The company's commercial stage products include BRUKINSA, a small molecule inhibitor of Bruton's Tyrosine Kinase (BTK) for the treatment of various blood cancers; TEVIMBRA, an anti-PD-1 antibody immunotherapy for the treatment of various solid tumor and blood cancers; and PARTRUVIX, a selective small molecule inhibitor of PARP1 and PARP2 enzymes that is being evaluated as a monotherapy and in combinations for the treatment of various solid tumors. Its clinical stage products comprise Sonrotoclax BGB-11417, a small molecule Bcl-2 inhibitor; BGB-16673, a BTK-targeting chimeric degradation activation compound active against wild-type and mutant BTK; Ociperlimab (BGB-A1217), a TIGIT inhibitor; BG-60366, an EGFR-targeted CDAC; BG-89894 (SYH2039), a MAT2A Inhibitor; BGB-58067, an MTA-Cooperative PRMT5 Inhibitor; BG-T187, an anti-EGFRxMET trispecific antibody; BGB-26808, a HPK-1 Inhibitor; BGB-C354, an anti-B7H3 ADC; Zanidatamab, a bispecific HER2-targeted antibody; BG-C137, an anti-FGFR2b ADC; BGB-53038, a Pan-KRAS Inhibitor; BGB-B2033, an anti-GPC3x4-1BB bispecific antibody; BGB-B3227, an anti-MUC1xCD16A bispecific antibody; BG-C477, an anti-CEAADC; BGB-43395, a CDK4 Inhibitor; BG-68501, a CDK2 Inhibitor; BG-C9074, an anti-B7H4 ADC; BGB-21447, a Bcl-2 Inhibitor; and BGB-45035, an IRAK4-targeted CDAC. It also has various preclinical programs. The company has agreements Amgen, BMS, Bio-Thera, EUSA Pharma, Luye Pharmaceutical, and Novartis. The company was formerly known as BeiGene, Ltd. and changed its name to BeOne Medicines AG in May 2025. BeOne Medicines AG was founded in 2010 and is based in Basel, Switzerland."
2025-11-21 23:43:37,DRMAW,NASDAQ,Unclassified,Biotechnology,Healthcare,nano,40.49,,,,-0.008441558788514977,12.16,-2.156,0.0038805972,3.29,,0.0,,,,0.0,"Dermata Therapeutics, Inc., a late-stage medical dermatology company, focuses on identifying, developing, and commercializing pharmaceutical product candidates for the treatment of medical skin diseases and aesthetic applications. Its lead product candidate is XYNGARI, which is in Phase 3 clinical studies for the treatment of moderate-to-severe acne, as well as completed Phase 1b proof of concept (POC) trial for mild-to-moderate psoriasis. The company is also developing DMT410 that has completed Phase 1b POC trials for the treatment of axillary hyperhidrosis and aesthetic skin conditions. It has a clinical trial collaboration agreement with Revance Therapeutics, Inc. to conduct a multi-center clinical trial to evaluate the topical application of XYNGARI with DAXXIFY, Revance's botulinum toxin type A. Dermata Therapeutics, Inc. was incorporated in 2014 and is headquartered in San Diego, California."
2025-11-21 23:43:37,XGN,NASDAQ,Unclassified,Diagnostics & Research,Healthcare,micro,40.18,,,,-8.362637509356487,33.51,-0.91,9.441688,3.08,,0.0,-36.16,-22.74,15.3,85.61,"Exagen Inc. designs, develops, and commercializes various testing products under the AVISE brand in the United States. The company enables healthcare providers to care for patients through the diagnosis, prognosis, and monitoring of complex rheumatic, and autoimmune and autoimmune-related diseases, including systemic lupus erythematosus (SLE) and rheumatoid arthritis (RA). Its lead testing product is AVISE CTD that enables differential diagnosis for patients presenting with symptoms indicative of various connective tissue diseases (CTDs) and other related diseases with overlapping symptoms. The company offers AVISE Lupus platform, a cornerstone of the SLE assessment that begins by quantifying the level of CB-CAPs biomarkers (EC4d and BC4d) in the patient's blood; and AVISE APS that aids in the diagnosis and management of APS. In addition, it provides AVISE Vasculitis AAV, which utilizes a testing panel of individual analytes to provide physicians with results in the assessment and monitoring of anti-neutrophil cytoplasmic antibody associated vasculitis; AVISE Anti-Histone, a test for autoantibodies to histone proteins; AVISE SLE Prognostic, a panel of autoantibodies for assessing the potential for complications affecting the kidney, brain, and cardiovascular system; and AVISE Anti-CarP, a biomarker-driven RA prognostic test. Further, the company offers AVISE SLE Monitor, a blood test that employs CB-CAPs technology; AVISE MTX, a patented and validated blood test; and AVISE HCQ, a blood test to monitor levels of hydroxychloroquine. It has a research collaboration and license agreement with Allegheny Health Network (AHN) Research Institute to develop T-Cell biomarkers. The company was formerly known as Exagen Diagnostics, Inc. and changed its name to Exagen Inc. in January 2019. Exagen Inc. was incorporated in 2002 and is headquartered in Vista, California."
2025-11-21 23:43:37,GJP,NYSE,Income,INVESTMENT BANKING & INVESTMENT SERVICES,FINANCIALS,nano,40.02,,,,,16.02,,,,,3.6700000000000004,0.84,2.2,2.19,5.86,None
2025-11-21 23:43:37,GILD,NASDAQ,Income,Drug Manufacturers - General,Healthcare,large,39.91,,,,19.603716,15.96,6.46,7.302081,5.51,143.6,2.5,4.89,11.71,19.61,44.6,"Gilead Sciences, Inc., a biopharmaceutical company, discovers, develops, and commercializes medicines in the areas of unmet medical need in the United States, Europe, and internationally. The company provides Biktarvy, Genvoya, Descovy, Odefsey, Truvada, Complera/ Eviplera, Stribild, Sunlencs, and Atripla products for the treatment of HIV/AIDS; Veklury, an injection for intravenous use, for the treatment of COVID-19; and Epclusa, Harvoni, Vemlidy, and Viread for the treatment of viral hepatitis. It also offers Yescarta, Tecartus, and Trodelvy products for the treatment of oncology; Letairis, an oral formulation for the treatment of pulmonary arterial hypertension; and AmBisome, a liposomal formulation for the treatment of serious invasive fungal infections. The company has collaboration agreements with Arcus Biosciences, Inc.; Merck Sharp & Dohme Corp.; Pionyr Immunotherapeutics Inc.; Tizona Therapeutics, Inc.; Galapagos NV; Janssen Sciences Ireland Unlimited Company; Japan Tobacco, Inc.; Dragonfly Therapeutics, Inc.; Arcellx, Inc.; Everest Medicines; Merck & Co, Inc.; Tentarix Biotherapeutics Inc.; Marengo Therapeutics; and Assembly Biosciences, Inc. It also has research collaboration, option, and license agreement with Merus N.V. for the discovery of novel dual tumor-associated antigens (TAA) targeting trispecific antibodies. The company has a collaboration with Terray Therapeutics, Inc. to discover and develop small molecule therapies; and LEO Pharma to develop, manufacture, and commercialize the small molecule oral STAT6 program. The company was incorporated in 1987 and is headquartered in Foster City, California."
2025-11-21 23:43:37,XEL,NASDAQ,Income,Utilities - Regulated Electric,Utilities,large,39.35,41.77,-2.42,-5.79,24.289635,19.88,3.28,2.224611,1.83,-23.200000000000003,2.86,-0.92,9.95,16.11,15.37,"Xcel Energy Inc., through its subsidiaries, engages in the generation, purchasing, transmission, distribution, and sale of electricity in the United States. It operates through Regulated Electric Utility and Regulated Natural Gas Utility segments. The company generates electricity through wind, nuclear, hydroelectric, biomass, and solar energy sources, as well as coal, natural gas, oil, wood, and refuse-derived fuels. It also purchases, transports, distributes, and sells natural gas to retail customers, as well as transports customer-owned natural gas. In addition, the company develops and leases natural gas pipelines, and storage and compression facilities; and invests in rental housing projects and nonregulated assets, as well as procures equipment for the construction of renewable generation facilities. It serves residential, commercial, and industrial customers in the portions of Colorado, Michigan, Minnesota, New Mexico, North Dakota, South Dakota, Texas, and Wisconsin. Xcel Energy Inc. was formerly known as Northern States Power company. The company was incorporated in 1909 and is headquartered in Minneapolis, Minnesota."
2025-11-21 23:43:37,SDHY,NYSE,Value,Asset Management,Financial Services,small,39.24,38.95,0.29,0.74,10.807947,12.17,1.51,,0.96,,7.94,-0.74,-1.55,5.45,6.34,
2025-11-21 23:43:37,ECAT,NYSE,Value,Asset Management,Financial Services,small,39.03,52.02,-12.99,-24.97,7.514706,12.17,2.04,0.922,0.96,,22.06,-4.05,-2.4,10.18,11.77,None
2025-11-21 23:43:37,WPM,NYSE,Income/Growth Blend,Gold,Basic Materials,large,39.02,47.51,-8.49,-17.87,45.122726,19.52,2.2,5.5691442,3.58,137.5,0.66,1.06,3.95,14.83,56.2,"Wheaton Precious Metals Corp. sells precious metals in North America, Europe, Africa, and South America. The company primarily produces and sells gold, silver, palladium, Platinum, and cobalt deposits. The company was formerly known as Silver Wheaton Corp. and changed its name to Wheaton Precious Metals Corp. in May 2017. Wheaton Precious Metals Corp. was founded in 2004 and is headquartered in Vancouver, Canada."
2025-11-21 23:43:37,TXMD,NASDAQ,Growth,Drug Manufacturers - Specialty & Generic,Healthcare,nano,38.8,41.54,-2.74,-6.6,178.0,21.58,0.01,0.7507381,2.37,,0.0,35.88,60.36,22.76,29.93,"TherapeuticsMD, Inc. operates as a pharmaceutical royalty company in the United States. It has a license agreement with Mayne Pharma to commercialize the IMVEXXY, BIJUVA, and ANNOVERA prescription prenatal vitamin products sold under the BocaGreenMD and vitaMedMD brand names. The company sells its prescription pharmaceutical products and prenatal vitamin products through wholesale distributors and retail pharmacy distributors. TherapeuticsMD, Inc. was founded in 2008 and is headquartered in Boca Raton, Florida."
2025-11-21 23:43:37,ASTS,NASDAQ,Unclassified,Communication Equipment,Technology,large,38.45,45.3,-6.85,-15.12,-45.061402571828744,27.52,-1.14,11.262881,2.33,,0.0,-28.37,2.72,113.2,113.15,"AST SpaceMobile, Inc., together with its subsidiaries, designs and develops the constellation of BlueBird satellites in the United States. The company provides a cellular broadband network in space to be accessible directly by smartphones for commercial use and other applications, as well as for government use. Its SpaceMobile service provides cellular broadband services to end-users who are out of terrestrial cellular coverage. The company was founded in 2017 and is headquartered in Midland, Texas."
2025-11-21 23:43:37,DMA,NYSE,Unclassified,Asset Management,Financial Services,nano,38.24,42.19,-3.95,-9.36,-14.065573645419763,12.17,-0.61,,0.96,,12.31,-0.81,-1.38,-1.77,5.67,"Multi-Strategy Growth & Income Fund is a closed ended balanced mutual fund launched and managed by Pinhook Capital, LLC. It invests in public equity and fixed income markets of the United States. For its equity portion, the fund primarily invests directly, in other funds, and through derivatives such as options to invest in stocks of companies operating in the real estate sector, including real estate investment trusts. It invests in stocks of companies across all market capitalizations. For its fixed income portfolio, the fund invests in structured notes, notes, bonds and asset-backed securities. It employs a combination of fundamental and quantitative analysis while focusing on factors such as highest expected income, potential for capital appreciation, and relatively low volatility to create its portfolio. Multi-Strategy Growth & Income Fund was formed on June 3, 2011 and is domiciled in the United States."
2025-11-21 23:43:37,FOA,NYSE,Unclassified,Credit Services,Financial Services,micro,38.01,36.5,1.51,4.14,-23.2621350334686,10.31,-1.03,0.66729796,1.3,,0.0,6.39,-14.64,16.2,8.51,"Finance of America Companies Inc. a financial service holding company, through its subsidiaries, provides home equity-based financing solutions for a modern retirement in the United States. It operates through two segments: Retirement Solutions and Portfolio Management. The company offers home equity conversion and non-agency reverse mortgage loans, product development, loan securitization, loan sales, risk management, servicing oversight, and asset management services. The company was founded in 2013 and is headquartered in Plano, Texas."
2025-11-21 23:43:37,ATO,NYSE,Income,Utilities - Regulated Gas,Utilities,large,37.97,,,,23.479893,19.54,7.46,2.087226,1.89,30.5,2.28,-0.34,5.87,12.57,19.37,"Atmos Energy Corporation, together with its subsidiaries, engages in the regulated natural gas distribution, and pipeline and storage businesses in the United States. It operates through two segments, Distribution, and Pipeline and Storage. The Distribution segment is involved in the regulated natural gas distribution and related sales operations in eight states. This segment distributes natural gas to approximately 3.4 million residential, commercial, public authority, and industrial customers; and owned 76,000 miles of underground distribution and transmission mains. The Pipeline and Storage segment engages in the pipeline and storage operations. This segment transports natural gas for third parties and manages five underground storage facilities in Texas; provides ancillary services customary to the pipeline industry, including parking arrangements, lending, and inventory sales; and owned 5,700 miles of gas transmission lines. Atmos Energy Corporation was founded in 1906 and is based in Dallas, Texas."
2025-11-21 23:43:37,MUX,NYSE,Unclassified,Other Precious Metals & Mining,Basic Materials,small,37.39,41.85,-4.46,-10.66,-69.8260846345321,29.41,-0.23,1.7904124,3.1,,0.0,-20.69,48.02,101.76,91.65,"McEwen Inc. engages in the exploration, development, production, and sale of gold and silver deposits in the United States, Canada, Mexico, and Argentina. It also explores for copper deposits. The company owns 100% interests in the Gold Bar gold mine located in Nevada; the Fox Complex that consists of 132 parcels, including patents and leases, and 163 unpatented mining claims totaling 28 square miles in mining rights, as well as 13 square miles in surface rights located in Ontario, Canada; and the Fenix project located in Mexico. It also holds a portfolio of exploration properties in Nevada, Canada, Mexico, and Argentina. The company was formerly known as McEwen Mining Inc. and changed its name to McEwen Inc. in June 2025. McEwen Inc. was incorporated in 1979 and is headquartered in Toronto, Canada."
2025-11-21 23:43:37,CTDD,NYSE,Income,,,nano,37.23,41.86,-4.63,-11.06,,4.92,,,,,9.790000000000001,-3.48,-2.96,13.06,17.39,"Qwest Corporation, operating primarily in the Western and Midwestern United States, is a prominent telecommunications provider delivering a range of services to both residential and business customers across 14 states. Headquartered in Monroe, Louisiana, the company possesses a well-developed infrastructure designed to address the diverse communication needs of its clientele. With a strategic focus on integrated communication solutions, Qwest is well positioned to capitalize on the increasing demand for high-quality connectivity and data-driven services, making it a compelling option for investors seeking exposure to the evolving telecommunications landscape."
2025-11-21 23:43:37,NBXG,NYSE,Value,Asset Management,Financial Services,nano,37.13,47.37,-10.24,-21.62,8.63522,12.17,1.59,1.02,0.96,,10.53,-6.96,-4.68,10.2,14.78,None
2025-11-21 23:43:37,KTN,NYSE,Income,INVESTMENT BANKING & INVESTMENT SERVICES,FINANCIALS,nano,35.89,37.76,-1.87,-4.95,,16.02,,,,,7.33,0.38,2.69,4.72,7.38,None
2025-11-21 23:43:37,WDI,NYSE,Value,Asset Management,Financial Services,nano,35.88,36.82,-0.94,-2.55,11.702478,12.17,1.21,0.967,0.96,,12.62,-1.06,-2.61,3.24,8.25,None
2025-11-21 23:43:37,LDI,NYSE,Unclassified,Mortgage Finance,Financial Services,small,35.48,34.9,0.58,1.66,-7.1944442060258655,13.24,-0.36,2.1619365,1.16,,0.0,-25.14,26.96,115.83,10.68,"loanDepot, Inc. engages in originating, financing, selling, and servicing residential mortgage loans in the United States. The company offers conventional agency-conforming and prime jumbo, federal assistance residential mortgage, and home equity lines of credit and closed-end second liens. It also provides settlement services, which include captive title and escrow business; real estate services that cover captive real estate referral business; and insurance services, including services to homeowners, as well as other consumer insurance policies. The company was founded in 2010 and is headquartered in Irvine, California."
2025-11-21 23:43:37,NTRA,NASDAQ,Unclassified,Diagnostics & Research,Healthcare,large,35.46,,,,-101.15351091351427,33.51,-2.28,25.33004,3.08,,0.0,18.27,41.95,50.42,37.89,"Natera, Inc., a diagnostics company, provides molecular testing services worldwide. Its products include Panorama, a non-invasive prenatal test that screens for chromosomal abnormalities of a fetus, as well as in twin pregnancies; Horizon carrier screening test for individuals and couples determine if they are carriers of genetic variations that cause certain genetic conditions; Vistara single-gene NIPT screens for 25 single-gene disorders; Spectrum, preimplantation genetic tests for couples undergoing IVF; Anora that analyzes miscarriage tissue from women; Empower, a hereditary cancer screening test; and non-invasive prenatal paternity product, which allows a couple to establish paternity without waiting for the child to be born. The company also provides Signatera molecular residual disease test for assessment and surveillance of disease recurrence in patients previously diagnosed with cancer; Altera, a tissue based genomic profiling test, that provides insight into genomic alterations and biomarkers; Prospera to assess active rejection in patients who have undergone kidney, heart, and lung transplantation; and Renasight, a kidney gene panel test. In addition, it offers Constellation, a cloud-based software product. It serves independent laboratories, national and regional reference laboratories, medical centers and physician practices, research laboratories, and pharmaceutical companies through its direct sales force, and a network of laboratory and distribution partners. It has a partnership agreement with BGI Genomics Co., Ltd. to develop, manufacture, and commercialize NGS-based genetic testing assays; and Foundation Medicine, Inc. to develop and commercialize personalized circulating tumor DNA monitoring assays. The company was formerly known as Gene Security Network, LLC and changed its name to Natera, Inc. in January 2012. Natera, Inc. was founded in 2003 and is headquartered in Austin, Texas."
2025-11-21 23:43:37,GHLD,NYSE,Value,Mortgage Finance,Financial Services,small,34.66,35.22,-0.56,-1.59,9.826733,13.24,2.02,0.9988427,1.16,,3.7783374588754985,-0.3,-0.25,56.54,53.07,"Guild Holdings Company, through its subsidiary, originates, sells, and services residential mortgage loans in the United States. The company operates in two segments, Origination and Servicing. It is involved in loan origination, and acquisition and sale activities; servicing activities, including collection and remittance of loan payments, managing borrower's impound accounts for taxes and insurance, loan payoffs, loss mitigation, and foreclosure activities. Guild Holdings Company was founded in 1960 and is headquartered in San Diego, California."
2025-11-21 23:43:37,MIN,NYSE,Income,Asset Management,Financial Services,small,34.56,,,,12.09091,12.17,0.22,0.9578683,0.96,-24.9,8.83,2.26,2.25,4.84,8.81,"MFS Intermediate Income Trust is a closed ended fixed income mutual fund launched and managed by Massachusetts Financial Services Company. The fund invests in fixed income markets across the globe. It primarily invests in debt instruments. The fund seeks to benchmarks the performance of its portfolio against the Barclays Intermediate U.S. Government/Credit and MFS Intermediate Income Trust Blended Index. MFS Intermediate Income Trust was formed on March 17, 1988 and is domiciled in the United States."
2025-11-21 23:43:37,NUV,NYSE,Income,Asset Management,Financial Services,nano,34.53,34.15,0.38,1.11,60.266663,12.17,0.15,1.0033296,0.96,,4.31,0.7,6.03,8.77,7.6,"Nuveen Municipal Value Fund, Inc. is a closed-ended fixed income mutual fund launched by Nuveen Investments, Inc. The fund is co-managed by Nuveen Fund Advisors LLC and Nuveen Asset Management, LLC. It invests in the fixed income markets of the United States. The fund also invests some portion of its portfolio in derivative instruments. It invests in undervalued municipal securities and other related investments the income, exempt from regular federal income taxes that are rated Baa or BBB or better. It employs fundamental analysis with bottom-up stock picking approach to create its portfolio. The fund benchmarks the performance of its portfolio against the Standard & Poor's (S&P) National Municipal Bond Index. Nuveen Municipal Value Fund, Inc. was formed on April 8, 1987 and is domiciled in the United States."
2025-11-21 23:43:37,HLF,NYSE,Value,Packaged Foods,Consumer Defensive,small,34.51,,,,3.8306706,15.28,3.13,-2.0219223,1.57,-8.9,0.0,40.89,26.74,80.03,42.4,"Herbalife Ltd., together with its subsidiaries, provides health and wellness products in North America, Mexico, South and Central America, Europe, the Middle East, Africa, China, and the Asia Pacific. The company offers products in the areas of weight management; targeted nutrition; energy, sports, and fitness; outer nutrition; and literature, promotional, and other items. It also provides weight management products, including meal replacement products, protein shakes, drink mixes, weight loss supplements, healthy snacks, and metabolism boosting teas; targeted nutrition products, which comprise functional beverages, and dietary and nutritional supplements that contain herbs, vitamins, minerals, and other natural ingredients; outer nutrition products, such as facial skin, body, and hair care products; and energy, sports, and fitness products, including N-R-G tea and energy drink products. In addition, it offers literature, promotional, and other materials that comprise start-up kits, sales tools, and educational materials. The company sells its products through sales representatives, independent service providers, and company-operated retail stores and platforms. The company was formerly known as Herbalife Nutrition Ltd. and changed its name to Herbalife Ltd. in April 2023. Herbalife Ltd. was founded in 1980 and is headquartered in Los Angeles, California."
2025-11-21 23:43:37,PDO,NYSE,Value,Asset Management,Financial Services,small,34.01,34.72,-0.71,-2.04,7.467391,12.17,1.84,,0.96,,11.3,-0.52,2.79,9.33,13.17,
2025-11-21 23:43:37,EMD,NYSE,Income,Asset Management,Financial Services,nano,33.33,35.15,-1.82,-5.18,7.543478,12.17,1.38,0.9728972,0.96,102.89999999999999,10.95,0.67,4.47,14.75,17.0,"Western Asset Emerging Markets Debt Fund Inc. is an open ended fixed-income mutual fund launched and managed by Legg Mason Partners Fund Advisor, LLC. It is co-managed by Western Asset Management Company, Western Asset Management Company Limited and Western Asset Management Company Pte. Ltd. The fund invests in fixed income markets of emerging market countries across the globe. It seeks to invest in fixed income securities issued by governments, government-related entities, and corporations which are of any maturity and quality. The fund employs fundamental analysis along with a top-down security picking approach focusing on factors like currency, inflation and interest rate trends, growth rate forecasts, liquidity of markets for that country's debt, political outlook, tax environment to create its portfolio. It benchmarks the performance of its portfolio against the JPMorgan Emerging Markets Bond Index Global. The fund was formerly known as Salomon Brothers Emerging Markets Debt Fund Inc. Western Asset Emerging Markets Debt Fund Inc. was formed on December 1, 2003 and is domiciled in the United States."
2025-11-21 23:43:37,FFC,NYSE,Income,Asset Management,Financial Services,nano,33.14,35.06,-1.92,-5.48,9.8795185,12.17,1.66,0.9708163,0.96,-90.0,7.15,-0.4,3.02,8.88,13.82,"Flaherty & Crumrine Preferred Securities Income Fund Inc. is a closed-ended balanced mutual fund launched and managed by Flaherty & Crumrine Incorporated. The fund invests in the public equity and fixed income markets of the United States. It seeks to invest in securities of companies operating across diversified sectors. The fund primarily invests in investment grade preferred securities consisting of hybrid or taxable preferreds. It employs quantitative analysis to create its portfolio. The fund benchmarks the performance of its portfolio against the Merrill Lynch 8% Capped DRD Preferred Stock Index, Merrill Lynch Hybrid Preferred Securities Index, and Merrill Lynch Adjustable Preferred Stock 7% Constrained Index. It was formerly known as Flaherty & Crumrine/Claymore Preferred Securities Income Fund Incorporated. Flaherty & Crumrine Preferred Securities Income Fund Inc. was formed on May 23, 2002 and is domiciled in the United States."
2025-11-21 23:43:37,CTBB,NYSE,Income,,,nano,33.01,39.51,-6.5,-16.45,,4.92,,,,,9.39,-5.3,-6.23,10.14,13.66,"Qwest Corporation, a major participant in the integrated communications sector, offers a comprehensive suite of telecommunications services, catering to both residential and business clients throughout the Western and Midwestern United States, including key markets in Arizona, Colorado, and Minnesota. Headquartered in Monroe, Louisiana, the company is focused on providing reliable voice, data, and internet solutions, with a strategic emphasis on underserved areas. This customer-centric approach not only enhances Qwest's market presence but also positions the company for sustainable growth in an increasingly competitive communications landscape."
2025-11-21 23:43:37,TDF,NYSE,Income,Asset Management,Financial Services,nano,31.86,37.85,-5.99,-15.83,4.3599997,12.17,2.5,0.9385224,0.96,8659.2,3.67,-5.71,-0.61,14.26,34.49,"Templeton Dragon Fund, Inc. is a closed ended equity mutual fund launched by Franklin Resources, Inc. The fund is managed by Templeton Asset Management Ltd. It invests in the public equity markets of China. The fund seeks to invest in stocks of companies operating across diversified sectors. It primarily invests in value stocks of companies. The fund employs fundamental analysis focusing on factors like growth prospects, competitive positions in export markets, technologies, research and development, productivity, labor costs, raw material costs and sources, profit margins, returns on investment, capital resources, government regulation, and management to create its portfolio. It is actively managed. Templeton Dragon Fund, Inc. was formed on September 20, 1994 and is domiciled in the United States."
2025-11-21 23:43:37,NAZ,NYSE,Income,Asset Management,Financial Services,nano,31.69,,,,-19.46774144326487,12.17,-0.62,1.0850414,0.96,,6.51,0.39,3.84,8.45,5.84,"Nuveen Arizona Quality Municipal Income Fund is a closed ended fixed income mutual fund launched by Nuveen Investments, Inc. The fund is managed by Nuveen Asset Management, LLC. It invests in the fixed income markets of Arizona. The fund invests in municipal securities and other related investments the income, exempt from regular federal and Arizona income taxes that are rated Baa or BBB or better and having an average maturity of 18.66 years. It employs fundamental analysis with bottom-up stock picking approach to create its portfolio. The fund benchmarks the performance of its portfolio against the Standard & Poor's (S&P) Arizona Municipal Bond Index and Standard & Poor's (S&P) National Municipal Bond Index. The fund was formerly known as Nuveen Arizona Premium Income Municipal Fund. Nuveen Arizona Quality Municipal Income Fund was formed on November 19, 1992 and is domiciled in the United States."
2025-11-21 23:43:37,GUG,NYSE,Value,Asset Management,Financial Services,nano,31.24,34.32,-3.08,-8.97,10.721429,12.17,1.4,0.928,0.96,,9.49,-4.25,-2.37,4.07,6.13,None
2025-11-21 23:43:37,GCV,NYSE,Income,Asset Management,Financial Services,micro,31.06,35.64,-4.58,-12.85,13.566667,12.17,0.3,1.1277363,0.96,-46.6,11.79,-5.57,3.94,19.11,15.55,"The Gabelli Convertible and Income Securities Fund Inc. is a closed-ended balanced mutual fund launched by GAMCO Investors, Inc. The fund is managed by Gabelli Funds, LLC. It invests in public equity and fixed income markets. The fund seeks to invest in stocks of companies operating across diversified sectors. It primarily invests in convertible securities and other debt and equity securities. The fund benchmarks the performance of its portfolio against the Standard & Poor's 500 Index, Barclays Government/Credit Bond Index, and Lipper Convertible Securities Fund Average. It was formerly known as Gabelli Convertible Securities Fund Inc. The Gabelli Convertible and Income Securities Fund Inc. was formed on December 19, 1988 and is domiciled in the United States."
2025-11-21 23:43:37,NWN,NYSE,Income,Utilities - Regulated Gas,Utilities,small,31.01,30.64,0.37,1.21,19.159363,19.54,2.51,1.3918153,1.89,,4.1,2.74,17.64,20.71,15.05,"Northwest Natural Holding Company, through its subsidiary, Northwest Natural Gas Company, provides regulated natural gas distribution services to residential, commercial, and industrial customers in the United States. The company operates mist gas storage facility contracted to other utilities, third-party marketers, and electric generators; offers natural gas asset management services; and operates an appliance retail center. It also engages in gas storage, water and wastewater, non-regulated renewable natural gas, and other investment businesses. In addition, the company offers natural gas service in Oregon and southwest Washington; and water and wastewater connections. Northwest Natural Holding Company was founded in 1859 and is headquartered in Portland, Oregon."
2025-11-21 23:43:37,MSB,NYSE,Income,Steel,Basic Materials,small,30.64,46.05,-15.41,-33.46,4.298444,17.06,7.07,17.50576,1.09,-12.1,4.64,-14.2,-3.96,20.01,46.44,"Mesabi Trust, a royalty trust, engages in iron ore mining business in the United States. The company was incorporated in 1961 and is based in New York, New York."
2025-11-21 23:43:37,GNT,NYSE,Income,Asset Management,Financial Services,micro,30.61,31.8,-1.19,-3.74,5.0729923,12.17,1.37,,0.96,,8.2,0.84,7.23,16.27,29.25,"GAMCO Natural Resources, Gold & Income Trust is a closed-ended equity mutual fund launched by GAMCO Investors, Inc. The fund is managed by Gabelli Funds, LLC. It invests in public equity markets across the globe. The fund invests in securities of companies principally engaged in natural resource and gold industries and by writing covered call options on the underlying equity securities. It focuses on factors such as recent prices of comparable securities that are publicly traded, reliable prices of securities not publicly traded, the use of valuation models, current analyst reports, valuing the income or cash flow of the issuer, or cost if the preceding factors do not apply to create its portfolio. The fund invests in stocks of companies across market capitalization. It benchmarks the performance of its portfolio against the CBOE S&P 500 Buy/Write Index, Philadelphia Gold & Silver Index, Dow Jones U.S. Basic Materials Index, and S&P Global Agribusiness Equity Index. The fund was formerly known as Gabelli Natural Resources, Gold & Income Trust. GAMCO Natural Resources, Gold & Income Trust was formed on January 27, 2011 and is domiciled in the United States."
2025-11-21 23:43:37,BCAT,NYSE,Value,Asset Management,Financial Services,small,29.77,35.54,-5.77,-16.24,9.231788,12.17,1.51,0.893,0.96,,22.81,-1.61,-0.48,6.43,8.06,None
2025-11-21 23:43:37,BW,NYSE,Unclassified,Specialty Industrial Machinery,Industrials,small,28.8,32.09,-3.29,-10.25,-8.285714558192662,28.65,-0.7,-2.7737925,3.24,,0.0,69.1,229.55,792.31,205.26,"Babcock & Wilcox Enterprises, Inc., together with its subsidiaries, provides energy and emissions control solutions to industrial, electrical utility, municipal, and other customers in the United States, Canada, the United Kingdom, Indonesia, and Philippines. The company operates through three segments: Babcock & Wilcox Renewable; Babcock & Wilcox Environmental; and Babcock & Wilcox Thermal. The Babcock & Wilcox Renewable segment offers technologies divert the waste from landfills for power generation and replacing fossil fuels and recovering metals and reducing emissions. It offers BrightLoop, a hydrogen generation technology that generates hydrogen from a range of fuels, including solid fuels, such as biomass and coal. This segment also provides technologies for power and heat generation comprising waste-to-energy; OxyBright, an oxygen-fired biomass-to-energy technology; and black liquor systems for the pulp and paper industry. The Babcock & Wilcox Environmental segment offers a range of emissions control and environmental technology solutions for utility, waste-to-energy, biomass-to-energy, carbon black, and industrial steam generation applications. This segment provides systems for cooling, ash handling, particulate control, nitrogen oxides and sulfur dioxides removal, chemical looping for carbon control, and mercury control under the SolveBright, OxyBright, BrightLoop, and BrightGen names. The Babcock & Wilcox Thermal segment offers aftermarket parts, construction, maintenance, engineered upgrades, and field services for its installed bases, as well as the installed base of other OEMs for power generation, oil and gas, petrochemical, food processing, metals, and others. This segment also provides steam generation systems, including package boilers, watertube and firetube waste heat boilers, and other boilers to medium and heavy industrial customers. Babcock & Wilcox Enterprises, Inc. was founded in 1867 and is headquartered in Akron, Ohio."
2025-11-21 23:43:37,OPFI,NYSE,Growth,Credit Services,Financial Services,small,27.01,30.17,-3.16,-10.47,131.85713,10.31,0.07,5.2117443,1.3,876.4,2.708559180918743,-6.48,-7.42,-22.95,25.12,"OppFi Inc., a tech-enabled digital finance platform, provides financial products and services for banks in the United States. The company offers installment loans through OppLoans platform. It serves consumers who are turned away by mainstream options. The company was founded in 2012 and is based in Chicago, Illinois."
2025-11-21 23:43:37,MGF,NYSE,Income,Asset Management,Financial Services,micro,26.72,28.85,-2.13,-7.38,18.058823,12.17,0.17,0.96967787,0.96,-62.1,7.55,0.95,2.19,3.77,7.02,"MFS Government Markets Income Trust is a close ended fixed income mutual fund launched and managed by Massachusetts Financial Services Company. The fund invests in the fixed income markets of United States. It primarily invests in investment grade debt instruments. The fund also invests in mortgage backed, U.S. government agencies, international sovereigns, U.S. treasuries, cash and other net assets, emerging markets debt, high grade corporates, and residential mortgage backed securities. It benchmarks the performance of its portfolio against the Barclays U.S. Government/Mortgage Bond Index. MFS Government Markets Income Trust was formed in May 28, 1987 and is domiciled in the United States."
2025-11-21 23:43:37,BMEZ,NYSE,Unclassified,Asset Management,Financial Services,micro,23.76,22.95,0.81,3.53,-123.08333714803061,12.17,-0.12,0.955,0.96,,8.94,-1.59,6.94,9.96,10.39,None
2025-11-21 23:43:37,RY,NYSE,Income,Banks - Diversified,Financial Services,mega,23.23,17.35,5.88,33.89,16.007471,13.93,9.37,1.698641,1.44,20.8,2.93,1.71,10.1,17.78,23.08,"Royal Bank of Canada operates as a diversified financial service company worldwide. Its Personal Banking segment offers home equity financing, personal lending, chequing and savings accounts, private banking, auto financing, mutual funds, GICs, credit cards, and payment products and solutions. The company's Commercial Banking segments provides lending, deposit and transaction banking products and services. Its Wealth Management segment provides a suite of wealth, investment, trust, banking, credit, and other solutions to clients; asset management products to institutional and individual clients; and asset and investor services to financial institutions, asset managers, and asset owners. The company's Insurance segment offers life, health, travel, wealth, annuities, property and casualty, and reinsurance advice and solutions; digital platforms; and independent brokers and partners, as well as client-led advice and solutions. The company's Capital Markets segment offers advisory and origination, sales and trading, lending and financing, and transaction banking services to corporations, institutional clients, asset managers, private equity firms, and governments. The company was founded in 1864 and is headquartered in Toronto, Canada."
2025-11-21 23:43:37,SKLZ,NYSE,Unclassified,Electronic Gaming & Multimedia,Communication Services,micro,22.27,24.88,-2.61,-10.49,-1.093555141139675,7.74,-4.81,0.63282,1.45,,0.0,-30.79,-39.33,-13.06,-3.84,"Skillz Inc. operates a mobile game platform in the United States, Israel, China, Malta, Hong Kong, Cyprus, and internationally. The company operates in two segments, Skillz and Aarki. It offers an eSports gaming platform, which enables game developers to monetize content through multi-player competition. The company provides advertising solutions for mobile app developers. It distributes games through direct app download from its website, as well as through third-party platforms. Skillz Inc. was founded in 2012 and is based in Las Vegas, Nevada."
2025-11-21 23:43:37,AZN,NASDAQ,Income/Growth Blend,Drug Manufacturers - General,Healthcare,mega,21.56,18.55,3.01,16.23,30.232557,15.96,3.01,3.075779,5.51,77.3,1.72,9.11,14.24,30.14,41.61,"AstraZeneca PLC, a biopharmaceutical company, focuses on the discovery, development, manufacture, and commercialization of prescription medicines. The company offers Imjudo, Datroway, Iressa, Tagrisso, Imfinzi, Lynparza, Calquence, Enhertu, Orpathys, Truqap, Zoladex, Faslodex, Farxiga, Brilinta, Crestor, Seloken, Lokelma, Roxadustat, Andexxa, Wainua, Symbicort, Fasenra, Pulmicort, Breztri/Trixeo, Saphnelo, Tezspire, Airsupra, Ultomiris, Soliris, Strensiq, Koselugo, Kanuma, Atacand, Plendil, Modip, Splendil, Munobal, Flodil, Komboglyze, Qtern, Byetta, XIGDUO, Accolate, Accoleit, Vanticon, Beyfortus, Synagis, FluMist, tixagevimab and cilgavimab, and sipavibart. It also provides Bricanyl Respules, Eklira Genuair/Tudorza/Bretaris, Bricanyl Turbuhaler, Rhinocort, Bevespi Aerosphere, Daliresp/Daxas, Oxis Turbuhaler, Breztri Aerosphere, Duaklir Genuair, Kavigale, Evusheld, Fluenz/FluMist, and Voydeya. The company offers its products for ocology, cardiovascular, renal and metabolism, respiratory & immunology, vaccines and immune, and therapies rare diseases. It serves primary and specialty care physicians through distributors and local representative offices in the United Kingdom, the United States, Europe, and Asia. It has a strategic agreement with Tempus to develop the largest multimodal foundation model in oncology. The company has a collaboration agreement with IonQ, Inc. for the development of quantum-accelerated computational chemistry workflow for healthcare, life sciences, and chemistry; a strategic research collaboration with CSPC Pharmaceutical Group Limited to advance the discovery and development of novel oral candidates, with the potential to treat diseases across multiple indications; and collaboration Revna Biosciences for lung cancer treatment. AstraZeneca PLC was formerly known as Zeneca Group PLC and changed its name to AstraZeneca PLC in April 1999. AstraZeneca PLC was incorporated in 1992 and is headquartered in Cambridge, the United Kingdom."
2025-11-21 23:43:37,AMTD,NYSE,Value,Asset Management,Financial Services,micro,18.12,20.23,-2.11,-10.43,1.3406944,12.17,0.72,0.0489131,0.96,-74.0,0.0,-10.65,-7.21,-4.46,-23.41,"AMTD IDEA Group, an investment holding company, provides capital market solutions in China, Hong Kong, Europe, the United States, and Southeast Asia. It operates through Capital Market Solutions, Digital Solutions and Other Services, Media and Entertainment Services, Hotel Operations, Hospitality and VIP Services, and Strategic Investments segments. The Capital Market Solutions segment raises funds through equity and debt financing, private placements, and debt issuances; provides financial advisory services, such as domestic and cross border advisory services for merger and acquisitions; and provides asset management products and services. The Digital Solutions and Other Services segment provides investor communication, investor relations, and corporate communication services to institutional and corporate clients, as well as digital financial solution services. The Media and Entertainment Services segment offers print and digital advertising campaigns, licensing, value-added marketing services comprising branded content, video production, social media activation, event creation, and experiential marketing services. The Hotel Operations, Hospitality and VIP Services segment engages in hotel investments, hotel operations, hospitality, and VIP services. The Strategic Investment segment engages in proprietary investments and management of global investment portfolio, including listed and unlisted equity shares investments and movie income right investments. The company was formerly known as AMTD International Inc. AMTD IDEA Group was founded in 2003 and is based in Paris, France. AMTD IDEA Group is a subsidiary of AMTD Group Inc."
2025-11-21 23:43:37,VPV,NYSE,Income,Asset Management,Financial Services,micro,18.09,23.18,-5.09,-21.96,-21.729167302449547,12.17,-0.48,0.9945647,0.96,,7.67,0.05,6.96,10.47,1.75,"Invesco Pennsylvania Value Municipal Income Trust is a closed-ended fixed income mutual fund launched by Invesco Ltd. The fund is co-managed by Invesco Advisers, Inc., INVESCO Asset Management (Japan) Limited, INVESCO Asset Management Deutschland GmbH, INVESCO Asset Management Limited, Invesco Canada Ltd., Invesco Hong Kong Limited, and INVESCO Senior Secured Management, Inc. It invests in the fixed income markets of the United States. The fund primarily invests in investment grade Pennsylvania municipal securities which include municipal bonds, municipal notes, municipal commercial paper, and lease obligations. It employs fundamental analysis with bottom-up security selection approach to create its portfolio. The fund was formerly known as Invesco Van Kampen Pennsylvania Value Municipal Income Trust. Invesco Pennsylvania Value Municipal Income Trust was formed on April 30, 1993 and is domiciled in the United States."
2025-11-21 23:43:37,SMRT,NYSE,Unclassified,Software - Application,Technology,micro,16.94,16.94,0.0,0.0,-4.027777910232544,27.9,-0.36,1.1702987,3.58,,0.0,-1.36,0.69,82.16,-9.94,"SmartRent, Inc., an enterprise real estate technology company, provides management software and applications to rental property owners and operators, property managers, homebuilders, developers, and residents in the United States and internationally. Its smart building hardware and cloud-based software-as-a-service solutions are designed to enhance visibility and control their real estate assets while providing all-in-one home control offerings for residents. The company's products and solutions include smart apartments and homes, access control for buildings, common areas, rental units, community and resident Wi-Fi, asset protection and monitoring, parking management, and self-guided tours. It also offers professional services to customers, which include training, installation, and support services. The company was founded in 2017 and is headquartered in Scottsdale, Arizona."
2025-11-21 23:43:37,ACV,NYSE,Income,Asset Management,Financial Services,micro,16.42,21.24,-4.82,-22.69,5.8968825,12.17,4.17,,0.96,,8.78,1.48,9.93,19.33,22.04,"Virtus Diversified Income & Convertible Fund is a closed-ended balanced mutual fund launched and managed by Allianz Global Investors Fund Management LLC. The fund is co-managed by Allianz Global Investors U.S. LLC. It invests in the public equity and fixed income markets. The fund primarily invests in diversified portfolio of convertible securities, income-producing equity securities, and income-producing debt and other instruments of varying maturities. It employs fundamental analysis along with bottom-up stock picking approach. Virtus Diversified Income & Convertible Fund was formed In May 27, 2015 and is domiciled in United States."
2025-11-21 23:43:37,T,NYSE,Income,Telecom Services,Communication Services,mega,14.11,12.25,1.86,15.18,8.446255,12.46,3.07,1.6650614,1.85,,4.28,5.32,-8.81,-3.46,16.87,"AT&T Inc. provides telecommunications and technology services worldwide. The company operates through two segments, Communications and Latin America. The Communications segment offers wireless voice and data communications services; and sells handsets, wireless data cards, wireless computing devices, carrying cases/protective covers, and wireless chargers through its own company-owned stores, agents, and third-party retail stores. It also provides AT&T Dedicated Internet, fiber ethernet and broadband, fixed wireless, and hosted and managed professional services; and copper-based voice and data, Virtual Private Networks (VPN), wholesale, outsourcing, and IP, as well as customer premises equipment for multinational corporations, small and mid-sized businesses, governmental, and wholesale customers. In addition, this segment offers broadband services, including fiber connections, legacy telephony voice communication services, and other VoIP services and equipment to residential customers. This segment markets its communications services and products under the AT&T, AT&T Business, Cricket, AT&T PREPAID, AT&T Fiber, and AT&T Internet Air brand names. The Latin America segment provides postpaid and prepaid wireless services in Mexico under the AT&T and Unefon brand names, as well as sells smartphones through its stores, agents and third-party retail stores. The company was formerly known as SBC Communications Inc. and changed its name to AT&T Inc. in 2005. AT&T Inc. was incorporated in 1983 and is based in Dallas, Texas."
2025-11-21 23:43:37,MCR,NYSE,Income,Asset Management,Financial Services,micro,12.69,16.74,-4.05,-24.19,14.136363,12.17,0.44,0.93449515,0.96,-82.69999999999999,8.66,-2.27,0.2,3.81,8.21,"MFS Charter Income Trust is a closed ended fixed income mutual fund launched and managed by Massachusetts Financial Services Company. The fund invests in the fixed income markets across the globe. It invests primarily in corporate bonds of U.S. or foreign issuers, U.S. Government securities, foreign government securities, mortgage-backed, and other asset-backed securities of U.S. or foreign issuers, or debt instruments of issuers located in emerging market countries. The fund employs a combination of fundamental and quantitative analysis with bottom-up stock picking approach to create its portfolio. It seeks to benchmarks the performance of its portfolio against a combination of the Barclays U.S. High-Yield Corporate Bond 2% Issuer Capped Index, MFS Charter Income Trust Blended Index, Barclays U.S. Credit Bond Index, Barclays U.S. Government/Mortgage Bond Index, Citigroup World Government Bond Non-Dollar Hedged Index, and JPMorgan Emerging Markets Bond Index Global. MFS Charter Income Trust was formed on July 20, 1989 and is domiciled in the United States."
2025-11-21 23:43:37,FT,NYSE,Income,Asset Management,Financial Services,micro,12.45,19.66,-7.21,-36.67,10.194805,12.17,0.77,0.9280057,0.96,709.9,6.5,-1.23,0.85,9.77,9.62,"Franklin Universal Trust is a closed-ended balanced mutual fund launched by Franklin Resources, Inc. The fund is managed by Franklin Advisers, Inc. It invests in the public equity and fixed income markets of the United States. The fund invests in companies operating in utility sector. It employs fundamental analysis to invest in a diversified portfolio of corporate bonds and dividend paying utility stocks. The fund benchmarks the equity component of its balanced portfolio against the S&P 500 Electric Utilities Index and the fixed component against the Credit Suisse High Yield. Franklin Universal Trust was formed on September 23, 1988 and is domiciled in the United States."
2025-11-21 23:43:37,RGT,NYSE,Income,Asset Management,Financial Services,micro,11.77,15.84,-4.07,-25.69,5.4618835,12.17,2.23,,0.96,,3.9,-4.84,-3.72,7.98,8.16,"Royce Global Value Trust, Inc. was a closed ended equity mutual fund launched and managed by Royce & Associates, LLC. It invests in the public equity markets across the globe. The fund spreads its investments across diversified sectors. It invests in value oriented stocks of small-cap and micro-cap companies. The fund benchmarks the performance of its portfolio against the Russell Global SC Index. Royce Global Value Trust, Inc. was formed on November 26, 1986 and is domiciled in the United States."
2025-11-21 23:43:37,MMT,NYSE,Income,Asset Management,Financial Services,micro,10.81,12.41,-1.6,-12.89,12.184211,12.17,0.38,0.93478703,0.96,-85.0,8.69,-1.19,0.23,5.3,7.88,"MFS Multimarket Income Trust is a closed ended fixed income mutual fund launched and managed by MFS Investment Management, Inc. The fund invests in the fixed income markets across the globe with greater emphasis on United States. It seeks to invest in fixed income securities issued by U.S. Government, foreign government, mortgage backed, and other asset-backed securities of U.S. and foreign issuers, corporate bonds of U.S. and foreign issuers, and debt instruments of issuers located in emerging market countries with an average duration of 5.1 years. The fund employs fundamental analysis with bottom-up stock picking approach while focusing on factors such as underlying credit quality, collateral characteristics, and indenture provisions, and the issuer's management ability, capital structure, leverage, and ability to meet its current obligations. It seeks to benchmarks the performance of its portfolio against a combination of the Citigroup World Government Bond Non-Dollar Hedged Index, JPMorgan Emerging Markets Bond Index Global, Lehman Brothers U.S. Credit Bond Index, Lehman Brothers U.S. Government/Mortgage Bond Index, and Lehman Brothers U.S. High-Yield Corporate Bond Index. MFS Multimarket Income Trust was formed on March 12, 1987 and is domiciled in the Unites States."
2025-11-21 23:43:37,JHI,NYSE,Income,Asset Management,Financial Services,micro,8.66,9.83,-1.17,-11.9,14.197917,12.17,0.96,0.95194864,0.96,-98.8,8.77,-0.73,-1.25,7.36,5.26,"John Hancock Investors Trust is a closed-ended fixed income mutual fund launched and managed by John Hancock Investment Management LLC. It is co-managed by John Hancock Asset Management. It invests in the fixed income markets across the globe. The fund primarily invests in a diversified portfolio of corporate and government bonds, debt securities. It benchmarks the performance of its portfolio against the Barclays Capital U.S. Aggregate Bond Index. John Hancock Investors Trust was formed on January 29, 1971 and is domiciled in the United States."
2025-11-21 23:43:37,GPJA,NYSE,Value,,,micro,7.35,8.74,-1.39,-15.9,0.14070562,4.92,,0.015790101,,,4.9399999999999995,-1.97,0.54,6.9,5.65,"Georgia Power Company is a leading utility in Georgia, engaged in the generation, transmission, and distribution of electricity, serving millions across the state. As a subsidiary of Southern Company, it boasts a diversified energy portfolio that includes solar, nuclear, and natural gas, underpinning its commitment to reliable and affordable service while promoting sustainability efforts. The company prioritizes technological innovations to improve grid efficiency and reliability and actively supports economic development and environmental initiatives in the region. With its strategic investments and a focus on the energy transition, Georgia Power is well-positioned to meet the evolving energy needs of its customers."
2025-11-21 23:43:37,AXP,NYSE,Income/Growth Blend,Credit Services,Financial Services,mega,6.43,8.02,-1.59,-19.83,23.699799,10.31,14.89,7.5004787,1.3,15.8,0.9,-0.57,12.03,24.35,18.38,"American Express Company, together with its subsidiaries, operates as integrated payments company in the United States, Europe, the Middle East and Africa, the Asia Pacific, Australia, New Zealand, Latin America, Canada, the Caribbean, and Internationally. It operates through four segments: U.S. Consumer Services, Commercial Services, International Card Services, and Global Merchant and Network Services. The company's products and services include credit card, charge card, banking, and other payment and financing products; network services; expense management products and services; and travel and lifestyle services. It also provides merchant acquisition and processing, servicing and settlement, point-of-sale marketing, and information products and services for merchants; and fraud prevention services, as well as the design and operation of customer loyalty programs. In addition, the company leases and operates lounges at airports. Further, it designs and develops a software to manage company expenses. The company sells its products and services to consumers, small businesses, mid-sized companies, and large corporations through mobile and online applications, affiliate marketing, customer referral programs, third-party service providers and business partners, direct mail, telephone, in-house sales teams, telephone, and direct response advertising. American Express Company was founded in 1850 and is based in New York, New York."
2025-11-21 23:43:37,RMI,NYSE,Unclassified,Asset Management,Financial Services,micro,3.66,4.78,-1.12,-23.43,-23.241935237761467,12.17,-0.62,,0.96,,7.87,0.72,6.17,4.4,-1.02,
2025-11-21 23:43:37,PM,NYSE,Income,Tobacco,Consumer Defensive,mega,2.63,2.86,-0.23,-8.04,22.177143,22.24,7.0,-22.142347,1.34,12.8,3.79,-1.56,-6.38,-11.4,23.89,"Philip Morris International Inc. operates as a tobacco company. The company offers cigarettes and smoke-free products, including heat-not-burn, vapor, and oral nicotine products under the IQOS and ZYN brands; and consumer accessories, such as lighters and matches. It also offers wellness and healthcare products. Philip Morris International Inc. was incorporated in 1987 and is headquartered in Stamford, Connecticut."
2025-11-21 23:43:37,RFM,NYSE,Unclassified,Asset Management,Financial Services,micro,0.17,8.34,-8.17,-97.96,-21.906250715255737,12.17,-0.64,,0.96,,8.05,-1.18,3.83,3.09,-3.5,
